"Specie","Strain No","Wild-type/Recom"
2,"PA 13",1
2,"PA 35",1
2,"PA 26",1
2,"PA33",1
2,"PA31",1
2,"PA 30",1
2,"PA29",1
2,"PA23",1
2,"PA24",1
2,"PA27",1
2,"PA22",1
2,"PA20",1
2,"PA19",1
2,"PA18",1
2,"PA16",1
2,"PA25",1
2,"PA10",1
2,"PA3",1
2,"PA4",1
2,"PA6",1
2,"PA7",1
2,"PA8",1
2,"PA9",1
4,"BL-21",2
3,"SG-A_18",1
3,"SG-B_24",1
3,"SG-C_15",1
3,"SG-D-52",1
3,"SG-E-53",1
3,"SG-F_54",1
3,"SG-G-75",1
3,"SG-4",1
3,"SG-12",1
3,"SG-12",1
3,"SG-18",1
3,"SG-18",1
3,"SG-29",1
3,"SG-29",1
3,"SG-36",1
3,"SG-36",1
3,"SG-47",1
3,"SG-47",1
3,"SG-60",1
3,"SG-60",1
3,"SG-67",1
3,"SG-67",1
7,"S.T",1
7,"S.T",1
6,"S.E",1
6,"S.E",1
8,"SGP-C_Lo",1
8,"SGP-C_L2",1
8,"SGP-C_L5",1
8,"SGP-C_L6",1
6,"AZ-1",1
6,"AZ-1",1
,"AZ-8",1
,"AZ-8",1
6,"AZ-10",1
6,"AZ-10",1
5,"47L-A1",1
5,"47L-A1",1
5,"70L-B2",1
5,"70L-B2",1
4,"TOP-10",2
3,"SG-18",2
3,"SG-18",2
3,"SG-18",1
3,"SG-18",1
3,"SG-18",1
3,"SG-18",1
3,"SG-18",1
3,"SG-18",1
3,"SG-18",1
3,"SG-18",1
4,"Top-10",2
3,"SG-18",1
4,"Top-10",2
3,"SG-18",1
3,"SG-18",2
3,"SG-18-d-ssau",2
3,"SG-18-d-ssau",2
3,"SG-18",2
1,"MR-14",1
4,"Top-10",2
3,"SG-18",1
4,"Top-10",2
1,"MR-4",1
3,"SG-18-d-ssau",2
3,"SG-18-d-ssau",2
3,"SG-18-d-ssau",2
3,"SG-18-d-ssau",2
3,"SG-18-d-ssau",2
4,"Top-10",2
3,"SG-18-d-ssau-cur",2
3,"SG-18-d-ssau-cur",2
3,"SG-18",2
3,"SG-18",2
3,"SG-18-dd-ssau-spvB",2
3,"SG-18-dd-ssau-spvB-cur",2
3,"SG-18-dd-ssau",2
1,"MR-14",1
4,"Top-10",2
3,"SG-18",1
4,"Top-10",1
1,"MR-4",1
9,"CP1",1
9,"CP2",1
9,"CP3",1
9,"CP4",1
9,"CP5",1
9,"CP6",1
9,"CP7",1
9,"CP8",1
9,"CP9",1
9,"CP10",1
9,"CP11",1
9,"CP12",1
4,,1
9,,1
9,,1
9,,1
9,,1
9,,1
9,,1
9,,1
9,,1
9,,1
9,,1
4,,2
1,,1
1,,1
1,,1
1,,1
1,,1
1,,1
1,,1
1,,1
1,,1
1,,1
1,,1
1,,1
1,,1
1,,1
1,,1
1,,1
1,,1
1,,1
1,,1
4,,2
4,,2
4,,1
1,,1
1,,1
1,,1
1,,1
1,,1
1,,1
1,,
1,,
1,,
1,,
1,,
1,,
,,
,,
,,
,,
,,
,,
,,
,,
,,
,,
,,
,,
4,,1
4,,1
4,,1
3,,1
3,,1
5,,1
5,,1
5,,1
5,,1
5,,1
5,,1
5,,1
3,,2
3,,2
3,,2
4,,2
4,,2
4,,2
4,,2
4,,2
4,,2
4,,2
4,,2
2,,
2,,
2,,
2,,
2,,
2,,
2,,
,,
,,
,,
,,
,,
,,
,,
,,
,,
,,
,,
,,
,,
,,
,,
,,
,,
,,
,,
,,
,,
,,
,,
,,
,,
,,
,,
,,
,,
,,
,,
,,
,,
,,
,,
,,
,,
,,
,,
,,
,,
,,
,,
,,
,,
,,
,,
,,
,,
,,
,,
,,
,,
,,
,,
,,
,,
,,
,,
,,
,,
,,
,,
,,
,,
,,
,,
,,
9,,1
9,,1
9,,1
9,,1
9,,1
9,,1
9,,1
9,,1
9,,1
9,,1
4,,1
4,,1
4,,1
4,,1
4,,1
4,,1
4,,1
4,,1
4,,1
4,,1
4,,1
,,
,,
,,
,,
,,
,,
,,
,,
,,
,,
,,
,,
,,
1,,
1,,
1,,
1,,
1,,
1,,
1,,
9,"CP13",1
9,"CP14",1
9,"CP15",1
9,"CP16",1
9,"CP17",1
9,"CP18",1
9,"CP19",1
9,"CP20",1
4,"TOP-10",2
4,"BL21",2
,,
4,"TOP10",
4,,
9,,1
9,,1
9,,1
9,,1
9,,1
9,,1
9,,1
9,,1
9,,1
9,,1
9,,1
9,,1
9,,1
9,,1
9,,1
9,,1
9,,1
9,,1
9,,1
10,,1
,,
,,
,,
,,
,,
,,
1,,
1,,
1,,
1,,
1,,
1,,
1,,
,,
,,
,,
,,
,,
,,
,,
,,
,,
,,
,,
1,,
1,,
1,,
1,,
1,,
1,,
1,,
1,,
,,
,,
,,
,,
,,
,,
,,
,,
,,
,,
,,
,,
,,
,,
,,
,,
,,
,,
,,
,,
,,
,,
,,
,,
,,
,,
,,
,,
,,
,,
,,
,,
,,
,,
,,
,,
,,
,,
,,
,,
,,
,,
,,
,,
,,
,,
,,
,,
,,
,,
,,
,,
,,
,,
,,
,,
,,
,,
,,
,,
,,
,,
,,
,,
,,
,,
,,
,,
,,
,,
,,
,,
,,
,,
,,
,,
,,
,,
,,
,,
,,
,,
,,
,,
,,
,,
,,
,,
,,
,,
,,
,,
,,
,,
,,
,,
,,
,,
,,
,,
,,
,,
,,
,,
,,
,,
,,
,,
,,
,,
,,
,,
,,
,,
,,
,,
,,
,,
,,
,,
,,
,,
,,
,,
,,
,,
,,
,,
,,
,,
,,
,,
,,
,,
,,
,,
,,
,,
,,
,,
,,
,,
,,
,,
,,
,,
,,
,,
,,
,,
,,
,,
,,
,,
,,
,,
,,
,,
,,
,,
,,
,,
,,
,,
,,
,,
,,
,,
,,
,,
,,
,,
,,
,,
,,
,,
,,
,,
,,
,,
,,
,,
,,
,,
,,
,,
,,
,,
,,
,,
,,
,,
,,
,,
,,
,,
,,
,,
,,
,,
,,
,,
,,
,,
,,
,,
,,
,,
,,
,,
,,
,,
,,
,,
,,
,,
,,
,,
,,
,,
,,
,,
,,
,,
,,
,,
,,
,,
,,
,,
,,
,,
,,
,,
,,
,,
,,
,,
,,
,,
,,
,,
,,
,,
,,
,,
,,
,,
,,
,,
,,
,,
,,
,,
,,
,,
,,
,,
,,
,,
,,
,,
,,
,,
,,
,,
,,
,,
,,
,,
,,
,,
,,
,,
,,
,,
,,
,,
,,
,,
,,
,,
,,
,,
,,
,,
,,
,,
,,
,,
,,
,,
,,
,,
,,
,,
,,
,,
,,
,,
,,
,,
,,
,,
,,
,,
,,
,,
,,
,,
,,
4,,2
4,,2
,,2
,,2
,,2
,,2
,,2
,,2
,,2
,,2
,,2
,,2
,,2
,,2
,,2
,,2
,,2
,,2
,,2
,,2
,,2
,,2
,,2
,,2
,,2
,,2
,,1
,,2
,,2
,,2
,,2
,,2
,,2
,,2
,,2
,,2
,,2
,,2
,,2
,,2
,,2
,,2
,,2
,,2
,,2
,,2
,,2
,,2
,,2
,,2
,,2
,,2
,,2
,,2
,,2
,,2
,,2
,,2
,,2
,,2
,,2
,,2
,,2
,,2
,,2
,,2
,,2
,,2
,,2
,,2
,,2
,,2
,,2
,,2
,,2
,,2
,,2
,,2
,,2
,,2
,,2
,,2
,,2
,,2
,,2
,,2
,,2
,,2
,,2
,,2
,,2
,,2
,,2
,,2
,,2
,,2
,,2
,,2
,,2
,,2
,,2
,,2
,,2
,,2
,,2
,,2
,,2
,,2
,,2
,,2
,,2
,,2
,,2
,,2
,,2
,,2
,,2
,,2
,,2
,,2
,,2
,,2
,,2
,,2
,,2
,,2
,,2
,,2
,,2
,,2
,,2
,,2
,,2
,,2
,,2
,,2
,,2
,,2
,,2
,,2
,,2
,,2
,,2
,,2
,,2
,,2
,,2
,,2
,,2
,,2
,,2
,,2
,,2
,,2
,,2
,,2
,,2
,,2
,,2
,,2
,,2
,,2
,,2
,,2
,,2
,,2
,,2
,,2
,,2
,,2
,,2
,,2
,,2
,,2
,,2
,,2
,,2
,,2
,,2
,,2
,,2
,,2
,,2
,,2
,,2
,,2
,,2
,,2
,,2
,,2
,,2
,,2
,,2
,,2
,,2
,,2
,,2
,,2
,,2
,,2
,,2
,,2
,,2
,,2
,,2
,,2
,,2
,,2
,,2
,,2
,,2
,,2
,,2
,,2
,,2
,,2
,,2
,,2
,,2
,,2
,,2
,,2
,,2
,,2
,,2
,,2
,,2
,,2
,,2
,,2
,,2
,,2
,,2
,,2
,,2
,,2
,,2
,,2
,,2
,,2
,,2
,,2
,,2
,,2
,,2
,,2
,,2
,,2
,,2
,,2
,,2
,,2
,,2
,,2
,,2
,,2
,,2
,,2
,,2
,,2
,,2
,,2
,,2
,,2
,,2
,,2
,,2
,,2
,,2
,,2
,,2
,,2
,,2
,,2
,,2
,,2
,,2
,,2
,,2
,,2
,,2
,,2
,,2
,,2
,,2
,,2
,,2
,,2
,,2
,,2
,,2
,,2
,,2
,,2
,,2
,,2
,,2
,,2
,,2
,,2
,,2
,,2
,,2
,,2
,,2
,,2
,,2
,,2
,,2
,,2
,,2
,,2
,,2
,,2
,,2
,,2
,,2
,,2
,,2
,,2
,,2
,,2
,,2
,,2
,,2
,,2
,,2
,,2
,,2
,,2
,,2
,,2
,,2
,,2
,,2
,,2
,,2
,,2
,,2
,,2
,,2
,,2
,,2
,,2
,,2
,,2
,,2
,,2
,,2
,,2
,,2
,,2
,,2
,,2
,,2
,,2
,,2
,,2
,,2
,,2
,,2
,,2
,,2
,,2
,,2
,,2
,,2
,,2
,,2
,,2
,,2
,,2
,,2
,,2
,,2
,,2
,,2
,,2
,,2
,,2
,,2
,,2
,,2
,,2
,,2
,,2
,,2
,,2
,,2
,,2
,,2
,,2
11,"EP-38",1
11,"EP-39",1
11,"EP-40",1
11,"EP-41",1
11,"EP-42",1
11,"EP-43",1
11,"EP-44",1
11,"EP-45",1
11,"EP-46",1
11,"EP-47",1
11,"EP-48",1
11,"EP-49",1
11,"EP-50",1
11,"EP-51",1
11,"EP-52",1
11,"EP-53",1
11,"EP-54",1
11,"EP-55",1
11,"EP-56",1
11,"EP-57",1
11,"EP-58",1
11,"EP-59",1
11,"EP-60",1
11,"EP-61",1
11,"EP-62",1
11,"EP-63",1
11,"EP-64",1
11,"EP-65",1
11,"EP-66",1
11,"EP-67",1
11,"EP-68",1
11,"EP-69",1
11,"EP-.70",1
11,"EP-71",1
11,"EP-72",1
11,"EP-73",1
11,"EP-74",1
11,"EP-75",1
11,"EP-76",1
11,"EP-77",1
11,"EP-78",1
11,"EP-79",1
11,"UVO6",1
11,"UVO78",1
11,"1.3067",1
11,"99.0404",1
11,"1.2047",1
11,"88.1481",1
11,"10.1633",1
11,"10.2444",1
11,"7.3278",1
11,"96.1801",1
11,"14.1042",1
11,"1.2075",1
11,"1.3067",1
11,"99.0404",1
11,"1.2047",1
11,"88.1481",1
11,"10.1633",1
11,"10.2444",1
11,"7.3278",1
,,
,,
12,"6i",1
12,"6A",1
12,"4ii",1
12,"7i",1
12,"7ii",1
12,"9A",1
15,"9i",1
12,"9iii",1
12,"10A",1
12,"10i",1
12,"10ii",1
15,"10iv",1
12,"11ii",1
12,"11iii",1
12,"11iv",1
12,"11A",1
13,"12i",1
12,"12ii",1
12,"12A",1
12,"12B",1
12,"12C",1
12,"4ii DNA",1
12,"6i DNA",1
12,"6A DNA",1
12,"7i DNA",1
12,"7ii DNA",1
14,"M.smeg",1
,,
17,"SalF1",1
17,"SalF2",1
17,"SalF3",1
17,"SalF4",1
6,"SalF6",1
6,"SalF7",1
16,"SalF8",1
16,"SalF9",1
18,"SalF27",1
18,"SalF28",1
18,"SalF29",1
18,"SalF30",1
18,"SalF31",1
18,"SalF32",1
20,"SalF14",1
20,"SalF15",1
20,"SalF16",1
20,"SalF19",1
20,"SalF20",1
20,"SalF21",1
20,"SalF47",1
20,"SalF48",1
21,"SalF17",1
21,"SalF22",1
19,"S. Pullorum",1
7,"STO5-A",1
23,"SalA1",1
5,"SalA2",1
5,"SalA3",1
23,"SalA4",1
23,"SalA5",1
23,"SalA6",1
23,"SalA7",1
23,"SalA8",1
5,"SalA9",1
24,"SalA10",1
,,
,,
