"ID","Complete Name","Abbreviation","Quantity"
1,"Ampicillin","Amp",
2,"Kanamycin","Kan",
3,"Amikacin","AMI",
4,"Amoxicillin","AMO",
5,"Amoxicillin + clavulanic acid","AMC",
6,"Ampicillin","AMP",
7,"Ampicillin + sulbactam","AMS",
8,"Azithromycin","AZI",
9,"Azlocillin","AZL",
10,"Aztreonam","AZT",
11,"Bacitracin","BAC",
12,"Cefaclor","CCL",
13,"Cefadroxil","CDR",
14,"Cefalexin","CLX",
15,"Cephalothin","CLT",
16,"Cefamandole","CMN",
17,"Cefapirin","CPN",
18,"Cefazolin","CZL",
19,"Cefepim","CPM",
20,"Cefetamet pivoxil","CTP",
21,"Cefoperazone","CPR",
22,"Cefoperazone + sulbactam","CPS",
23,"Cefotaxime","CTX",
24,"Cefoxitin","CXT",
25,"Cefpirom","CRM",
26,"Cefpodoxime proxetil","CPD",
27,"Cefsulodin","CSL",
28,"Ceftazidime","CTZ",
29,"Ceftibuten","CTB",
30,"Ceftizoxime","CTM",
31,"Ceftriaxone","CTR",
32,"Cefuroxime","CRX",
33,"Ciprofloxacin","CIP",
34,"Doxycyklin","DOX",
35,"Erytromycin","ERY",
36,"Ehambutol","ETM",
37,"Etionamide","ETI",
38,"Fusicid acid","FUS",
39,"Gentamicin","GEN",
40,"Chloramphenicol","CMP",
41,"Imipenem/cilastatin","IMI",
42,"Isoniazid","INH",
43,"Josamycin","JOS",
44,"Kanamycin","KAN",
45,"Clarithromycin","CLA",
46,"Clindamycin","CLI",
47,"Colistin","COL",
48,"Cotrimoxazole","COT",
49,"Linkomycin","LIN",
50,"Lomefloxacin","LOM",
51,"Meropenem","MEM",
52,"Metronidazole","MET",
53,"Neomycin","NEO",
54,"Netilmicin","NET",
55,"Nitrofurantoin","FUR",
56,"Norfloxacin","NOR",
57,"Ofloxacin","OFL",
58,"Oxacilin","OXA",
59,"Oxalic acid","OXO",
60,"Pefloxacin","PEF",
61,"Penicillin","PEN",
62,"Piperacillin","PIP",
63,"Piperacillin/tazobactam","PPT",
64,"Polymyxin","POL",
65,"Pyrazinamide","PYR",
66,"Rifabutin","RBT",
67,"Rifampicin","RIF",
68,"Roxithromycin","ROX",
69,"Sparfloxacin","SPR",
70,"Spektinomycin","AKS",
71,"Spiramycin","SPI",
72,"Streptomycin","STR",
73,"Sulfonamides","SUL",
74,"Teikoplanin","TEI",
75,"Tetracykline","TET",
76,"Tikarcillin","TIC",
77,"Tikarcillin+klavulanic acid","TIM",
78,"Tobramycin","TOB",
79,"Trimethoprim","TRI",
80,"Trovafloxacin","TRV",
81,"Vankomycin","VAN",
82,"Linezolid","Lzd",
83,"Kanamycin-30C","KAN-30C",
