"ID","Bacteriophage Name","WT-RECOMB","Host Bacteria","Host Range","Genome Size","Plaque Morphology","Characterization details","Glycerol Stock tube Label","GS-Freezer Name","GS-Racks","GS-Box details","4C Stock detail","4C-Fridge Number","4C-Rack Number","Against Species","DNA Storage Label","DNA storage Box detail","GS-position in Box","4C-Position in box"
3,52,1,1345,,,,,"MSTA (72 hrs, 24 hrs enrichment)",1,22,121,"MSTA  24 hours enrichment stocks ( in 15ml Falcon rack labelled as TF)",2,,14,,,"F1, F2, F3, F4",
4,1,1,42,,,,,"SGP-3 infected to host",1,1,4,,,,3,,,"A2",
5,1,1,42,,,,,"SGP-3 infected to host",1,1,4,,,,3,,,"A3",
6,1,1,42,,,,,"SGP-3 infected to host",1,1,4,,,,3,,,"A4",
7,1,1,42,,,,,"SGP-3",1,1,4,,,,3,,,"A5",
8,2,1,42,,,,,"SGP-5",1,1,4,,,,3,,,"A6",
9,2,1,42,,,,,"SGP-5",1,1,4,,,,3,,,"A7",
10,3,1,42,,,,,"SGP-9 infected to host",1,1,4,,,,3,,,"A8",
11,3,1,42,,,,,"SGP-9 infected to host",1,1,4,,,,3,,,"A9",
12,3,1,42,,,,,"SGP-9",1,1,4,,,,3,,,"A10",
13,4,1,42,,,,,"SGP-10 infected to host",1,1,4,,,,3,,,"B1",
14,4,1,42,,,,,"SGP-10",1,1,4,,,,3,,,"B2",
15,5,1,42,,,,,"SGP-11 infected to host",1,1,4,,,,3,,,"B3",
16,5,1,42,,,,,"SGP-11",1,1,4,,,,3,,,"B4",
17,6,1,42,,,,,"SGP-12 infected to host",1,1,4,,,,3,,,"B5",
18,7,1,42,,,,,"SGP-13",1,1,4,,,,3,,,"B6",
19,7,1,42,,,,,"SGP-13",1,1,4,,,,3,,,"B7",
20,7,1,42,,,,,"SGP-13",1,1,4,,,,3,,,"B8",
21,7,1,42,,,,,"SGP-13 infected to host",1,1,4,,,,3,,,"B9",
22,7,1,42,,,,,"SGP-13 infected to host",1,1,4,,,,3,,,"B10",
23,8,1,42,,,,,"vB-SGT",1,1,4,,,,3,,,"C1",
24,9,1,,,,,,"STL",1,1,4,,,,3,,,"C2",
25,10,1,,,,,,"SGP-18",1,1,4,,,,3,,,"C3",
26,11,1,57,,,,,"SMP-1",1,1,4,,,,3,,,"C4",
27,12,1,,,,,,"SCraw infected to host",1,1,4,,,,3,,,"C5",
28,12,1,,,,,,"SCraw",1,1,4,,,,3,,,"C6",
29,12,1,,,,,,"SCraw",1,1,4,,,,3,,,"C7",
30,13,1,,,,,,"Sle infected to host",1,1,4,,,,3,,,"C8",
31,13,1,,,,,,"Sle infected to host",1,1,4,,,,3,,,"C9",
32,13,1,,,,,,"Sle infected to host",1,1,4,,,,3,,,"C10",
33,14,1,,,,,,"S54A infected to host ",1,1,4,,,,3,,,"D1",
34,14,1,,,,,,"S54A infected to host ",1,1,4,,,,3,,,"D2",
35,14,1,,,,,,"S54A",1,1,4,,,,3,,,"D3",
36,14,1,,,,,,"S54A ",1,1,4,,,,3,,,"D4",
37,15,1,,,,,,"SFr",1,1,4,,,,3,,,"D5",
38,15,1,,,,,,"SFr infected to host",1,1,4,,,,3,,,"D6",
39,15,1,,,,,,"SFr infected to host",1,1,4,,,,3,,,"D7",
40,16,1,,,,,,"F10 infected to host",1,1,4,,,,3,,,"D8",
41,16,1,,,,,,"F10 infected to host",1,1,4,,,,3,,,"D9",
42,17,1,,,,,,"Slaf",1,1,4,,,,3,,,"D10",
43,17,1,,,,,,"Slaf infected to host",1,1,4,,,,3,,,"E1",
44,17,1,,,,,,"Slaf infected to host",1,1,4,,,,3,,,"E2",
45,18,1,,,,,,"SDe",1,1,4,,,,3,,,"E3",
46,18,1,,,,,,"SDe infected to host",1,1,4,,,,3,,,"E4",
47,18,1,,,,,,"SDe infected to host",1,1,4,,,,3,,,"E5",
48,19,1,,,,,,"PC temperate phage",1,1,4,,,,3,,,"E6",
49,20,1,,,,,,"SGPC Purified",1,1,4,,,,3,,,"E7",
50,21,1,,,,,,"PDA-18",1,1,4,,,,,,,"E8",
51,22,1,,,,,,"SG-Jap",1,1,4,,,,,,,"E9",
52,35,1,,,,,,"Purified SGP-2 phage",1,1,4,,,,3,,,"E10",
53,23,1,,,,,,"SGF- Temperate phage",1,1,4,,,,3,,,"F1",
54,24,1,,,,,,"SGPF/PDA phage",1,1,4,,,,3,,,"F2",
55,25,1,,,,,,"SGP-33",1,1,4,,,,3,,,"F3",
56,26,1,,,,,,"SGP-6a",1,1,4,,,,3,,,"F4",
57,36,1,,,,,,"SGP-4",1,1,4,,,,3,,,"F5",
58,28,1,,,,,,"SGP-7",1,1,4,,,,3,,,"F6",
59,29,1,,,,,,"SGP-16",1,1,4,,,,3,,,"F7",
60,30,1,,,,,,"SGP-17",1,1,4,,,,3,,,"F8",
61,31,1,,,,,,"SGP-18",1,1,4,,,,3,,,"F9",
62,11,1,,,,,,"SMP-1",1,1,4,,,,6,,,"F10",
63,33,1,,,,,,"SMP-2",1,1,4,,,,6,,,"G1",
64,1,1,,,,,,"SGP-3",1,1,4,,,,3,,,"G2",
65,1,1,,,,,,"SGP-3",1,1,4,,,,3,,,"G3",
66,3,1,,,,,,"SGP-9",1,1,4,,,,3,,,"G4",
67,3,1,,,,,,"SGP-9",1,1,4,,,,3,,,"G5",
68,34,1,,,,,,"SGP-9g",1,1,4,,,,3,,,"G6",
69,34,1,,,,,,"SGP-9g",1,1,4,,,,3,,,"G7",
70,12,1,,,,,,"SCraw",1,1,4,,,,3,,,"G8",
71,12,1,,,,,,"SCraw",1,1,4,,,,3,,,"G9",
72,7,1,,,,,,"SGP-13",1,1,4,,,,3,,,"G10",
73,7,1,,,,,,"SGP-13",1,1,4,,,,3,,,"H1",
74,20,1,43,,,,,"SGPC-W",1,3,38,,,,3,,,"D4",
75,20,1,43,,,,,"SGPC-W",1,3,38,,,,3,,,"D5",
76,7,1,91,,,,,"WT-SGP-13",1,3,38,,,,3,,,"H8,I4",
77,37,2,91,,,,,"RECOMBINANT-SGP13-RL-LYSINS",1,3,38,,,,3,,,"I5,I6,I7,I8",
78,38,,,,,,,"Fcp5(17)",1,,9,,,,9,,,"I1",
79,39,,,,,,,"Fcp5(18)",1,,9,,,,9,,,"I2",
80,40,,,,,,,"Fcp6(17)",1,,9,,,,9,,,"I3",
81,44,,,,,,,"FCP7",1,,9,,,,9,,,"I4",
82,45,,,,,,,"FCP8",1,,9,,,,9,,,"I5",
83,41,,,,,,,"FCP9",1,,9,,,,9,,,"I6",
84,46,,,,,,,"FCP16",1,,9,,,,9,,,"I7",
85,42,,,,,,,"FCP17(I)",1,,9,,,,9,,,"I8",
86,47,,,,,,,"FCP17(II)",1,,9,,,,9,,,"I9",
87,43,,,,,,,"FCP18",1,,9,,,,9,,,"I10",
88,46,,,,,,,"FCP16 infected to host bacteria",1,,9,,,,10,,,"J5",
89,42,,,,,,,"FCP17 (I)  infected to host bacteria",1,,9,,,,10,,,"J6",
90,47,,,,,,,"FCP17(II)  infected to host bacteria",1,,9,,,,10,,,"J7",
93,10,,,,,,,"SGP-18",1,,10,,,,,,,"A-1",
94,10,,,,,,,"SGP-18",1,,10,,,,,,,"A-2",
95,,,,,,,,"Strp",1,,10,,,,,,,"A-3",
96,,,,,,,,"S2-P",1,,10,,,,,,,"A-4",
97,,,,,,,,"PC-template",1,,10,,,,,,,"A-5",
98,,,,,,,,"SS4a-top",1,,10,,,,,,,"A-6",
99,,,,,,,,"Slaf-P",1,,10,,,,,,,"A-7",
100,,,,,,,,"SLE-P",1,,10,,,,,,,"A-8",
101,,,,,,,,"SDE-P",1,,10,,,,,,,"A-9",
102,,,,,,,,"SS4 A-P",1,,10,,,,,,,"A-10",
103,11,,,,,,,"VB smp-1",1,,10,,,,,,,"B-1",
104,11,,,,,,,"VB smp-1",1,,10,,,,,,,"B-2",
105,8,,,,,,,"VBSgt",1,,10,,,,,,,"B-3",
106,8,,,,,,,"VBSgt",1,,10,,,,,,,"B-4",
107,,,,,,,,"VP-ssp",1,,10,,,,,,,"B-5",
108,,,,,,,,"SGPL",1,,10,,,,,,,"B-6",
109,,,,,,,,"654A Flop",1,,10,,,,,,,"B-7",
110,,,,,,,,"VB-SHP2-a",1,,10,,,,,,,"C-1",
111,48,,,,,,,"VB-SGP-20L",1,,10,,,,,,,"C-2",
112,48,,,,,,,"VB-SSP-202",1,,10,,,,,,,"C-3",
113,48,,,,,,,"VB-SGP-20S",1,,10,,,,,,,"C-4",
114,49,,,,,,,"VB-SSP-47L",1,,10,,,,,,,"C-5",
115,,,,,,,,"SLE-P",1,,10,,,,,,,"C-8",
116,50,,,,,,,"VB-SSP-BCXL",1,,10,,,,,,,"D-1",
117,50,,,,,,,"SSP-BCXL",1,,10,,,,,,,"D-2",
118,50,,,,,,,"VBSSP-BCFXS",1,,10,,,,,,,"D-3",
119,50,,,,,,,"VB-SSP-BCFXS",1,,10,,,,,,,"D-4",
120,51,,,,,,,"VBSEP-42",1,,10,,,,,,,"D-5",
121,,,,,,,,"SGP13+SG18",1,,10,,,,,,,"D-6",
122,,,,,,,,"SGP13",1,,10,,,,,,,"D-7",
123,,,,,,,,"E.coli-chili",1,,10,,,,,,,"D-8",
124,,,,,,,,"SCR+SG18",1,,10,,,,,,,"D-9",
125,,,,,,,,"3-R-SGP-SPVB",1,,10,,,,,,,"D-10",
126,51,,,,,,,"VB-SEP-42",1,,10,,,,,,,"E-1",
127,,,,,,,,"R-SGP-SPVB",1,,10,,,,,,,"E-2",
128,,,,,,,,"SGPC-P",1,,10,,,,,,,"E-3",
129,,,,,,,,"SFR-P",1,,10,,,,,,,"E-4",
130,,,,,,,,"SGP-14",1,,10,,,,,,,"E-5",
131,,,,,,,,"?SPVB",1,,10,,,,,,,"E-6",
132,,,,,,,,"SGP-3-phage",1,,10,,,,,,,"E-7",
133,51,,,,,,,"VBSEP-42",1,,10,,,,,,,"F-1",
134,,,,,,,,"VBSEP-43",1,,10,,,,,,,"F-2",
135,,,,,,,,"SGP-9",1,,10,,,,,,,"F-3",
136,,,,,,,,"SCRP",1,,10,,,,,,,"F-4",
137,,,,,,,,"SCR-SG18",1,,10,,,,,,,"F-5",
138,,,,,,,,"SGP9+SG18",1,,10,,,,,,,"F-6",
139,,,,,,,,"SGP13",1,,10,,,,,,,"F-7",
140,,,,,,,,"SPVB del.SG.stain",1,,10,,,,,,,"F-8",
141,,,,,,,," HFSSAU lysate",1,,10,,,,,,,"F-9",
142,,,,,,,,"VBSMP",1,,10,,,,,,,"G-1",
143,8,,,,,,,"VBSGT",1,,10,,,,,,,"G-2",
144,10,,,,,,,"VBSGP-18",1,,10,,,,,,,"G-3",
145,,,,,,,,"SCR",1,,10,,,,,,,"G-4",
146,,,,,,,,"SSaV-R phage",1,,10,,,,,,,"G-5",
147,,,,,,,,"SGP-14",1,,10,,,,,,,"G-6",
148,,,,,,,,"SGP-3",1,,10,,,,,,,"G-7",
149,,,,,,,,"SGP9+SG18",1,,10,,,,,,,"G-8",
150,,,,,,,,"SPVB cas9 plasmid",1,,10,,,,,,,"G-9",
151,,,,,,,,"2R-SGP-SPVB",1,,10,,,,,,,"G-10",
152,,,,,,,,"S-R-SGP-SPVB",1,,10,,,,,,,"H-1",
153,,,,,,,,"SGP-9",1,,10,,,,,,,"H-2",
154,,,,,,,,"SGP3+SG18",1,,10,,,,,,,"H-3",
155,,,,,,,,"SPVB-GRNA-P Cas9",1,,10,,,,,,,"H-4",
156,,,,,,,,"SGP3+SG18",1,,10,,,,,,,"H-5",
157,,,,,,,,"S-Craw",1,,10,,,,,,,"H-6",
158,,,,,,,,"Ssau-R-Phage",1,,10,,,,,,,"H-7",
159,,,,,,,,"SGP13Phage",1,,10,,,,,,,"H-8",
160,,,,,,,,"?Ssau-Craw",1,,10,,,,,,,"H-9",
161,,,,,,,,"S-Craw-Phage",1,,10,,,,,,,"H-10",
162,,,,,,,,"5-ssau-phage",1,,10,,,,,,,"I-1",
163,,,,,,,,"SGP14+SG18",1,,10,,,,,,,"I-2",
164,,,,,,,,"SGP3",1,,10,,,,,,,"I-3",
165,,,,,,,,"S54A",1,,10,,,,,,,"I-4",
166,,,,,,,,"I-RSGP-SPVB",1,,10,,,,,,,"I-5",
167,,,,,,,,"SGP9-phage",1,,10,,,,,,,"I-6",
168,,,,,,,,"SLAF",1,,10,,,,,,,"I-7",
169,,,,,,,,"SGR13",1,,10,,,,,,,"I-8",
170,,,,,,,,"SGC",1,,10,,,,,,,"I-9",
171,,,,,,,,"SGC",1,,10,,,,,,,"I-10",
172,,,,,,,,"4-R-SGP-SPVB",1,,10,,,,,,,"J-1",
173,,,,,,,,"SPVB-del-SGS train",1,,10,,,,,,,"J-2",
174,,,,,,,,"4Ssau-r-phage",1,,10,,,,,,,"J-3",
175,,,,,,,,"SGP14+SG18",1,,10,,,,,,,"J-4",
176,,,,,,,,"Issau-R-phage",1,,10,,,,,,,"J-5",
177,,,,,,,,"VBSTL",1,,10,,,,,,,"J-6",
178,,,,,,,,"E.coli-chilli",1,,10,,,,,,,"J-7",
179,,,,,,,,,,,,,,,,,,,
180,,,,,,,,"5(17)P",1,,109,,,,,,,"E-1",
181,,,,,,,,"5(18)P",1,,109,,,,,,,"E-2",
182,,,,,,,,"?6(17)",1,,109,,,,,,,"E-3",
183,,,,,,,,"CP-7-P",1,,109,,,,,,,"E-4",
184,,,,,,,,"CP1-P",1,,109,,,,,,,"E-5",
185,,,,,,,,"PCP-9",1,,109,,,,,,,"E-6",
186,,,,,,,,"PCP5(6)",1,,109,,,,,,,"E-7",
187,,,,,,,,"PCP5(17)",1,,109,,,,,,,"E-8",
188,,,,,,,,"PCP-19",1,,109,,,,,,,"E-9",
189,,,,,,,,"PCP-17-11",1,,109,,,,,,,"E-10",
190,,,,,,,,"TSP-Phage",1,,111,,,,,,,"B-5",
191,,,,,,,,"TSP-Phage",1,,111,,,,,,,"B-6",
192,,,,,,,,"TSP-Phage",1,,111,,,,,,,"B-7",
193,,,,,,,,"Piniclas",1,,21,,,,,,,"B9",
194,,,,,,,,"PCC",1,,21,,,,,,,"C9",
195,,,,,,,,"CP16( c )",1,,21,,,,,,,"E2",
196,,,,,,,,"CP16( c )",1,,21,,,,,,,"E4",
197,,,,,,,,"CP16(Zn)",1,,21,,,,,,,"E6",
198,,,,,,,,"CP16(Zn)",1,,21,,,,,,,"E8",
199,,,,,,,,"CP7",1,,21,,,,,,,"F4",
200,,,,,,,,"CPR1",1,,21,,,,,,,"F5",
201,,,,,,,,"LC(a)",1,,21,,,,,,,"F6",
203,,,,,,,,"BL(RL)",1,,116,,,,,,,"C2",
204,,,,,,,,"RL BL",1,,116,,,,,,,"C9",
205,,,,,,,,"SPVB SGPL 2",1,,17,,,,,,,"A2",
206,,,,,,,,"SPVB SGPL 3",1,,17,,,,,,,"A3",
207,,,,,,,,"SPVB SGPL 4",1,,17,,,,,,,"A4",
208,,,,,,,,"SPVB SGPL 5",1,,17,,,,,,,"A5",
209,,,,,,,,"SPVB SLPC 6",1,,17,,,,,,,"A6",
210,53,,1345,,,,,"MSTB (24 , 72 hours enrichment)",1,22,121,"MSTB 24 hours enrichment (rack labelled as TF)",2,,14,,,"F5,F6,F7,F8",
211,,,,,,,,,,,,,,,,,,,
212,,,,,,,,,,,,,,,,,,,
213,54,,1345,,,,,"MSFA (24,72 hours enrichment )",1,22,122,"MSFA 72 hours enrichment, (rack labelled as TF)",2,,14,,,"I1,I2,I6,I7",
214,,,,,,,,,,,,,,,,,,,
215,55,,54,"101",,,,"SFA= host-STO5-A (with prophage, without prophage), Host SG18",1,22,122,"SFA= Host STO5-A (with prophage, without prophage, only prophage), Host SG18 (rack labelled as TF)",2,,5,,,"I3,I4,I5,I6,I7,",
