"ID","Item Name","Manufacturer","Pack Size","Category","Available Quantity","Location-Area","Location shelf","Location details","Location-Area-final","Cat .","Field1"
1,"Thermo Scientific™ Pierce™ ECL Western Blotting Substrate",1,"500ml",2,2,1,,"Present in its own Packing",,"PI32106",
2,"Salmonella Group D-Antibody Detection kit",5,"480 reactions",8,2,1,,"Present in Kit Box",54,"10062-05",
3,"Salmonella Ag Coated Plate",5,"1",4,1,1,,"Present in Pack",21,,
4,"D-cycloserine",6,"5g",1,4,1,,"Antibiotics Basket-B1",54,"sc-221470B",
5,"Cesium Chloride",6,"100g",1,1,1,,"Basket-1",54,"sc-203876",
6,"NiNTA-Resin
Thermo Scientific™
HisPur™ Ni-NTA Resin",1,"10ml",1,1,1,,"Basket-1",54,"	88222",
7,"Catalse Identification test",7,"1-box",8,1,1,,"Basket-1",54,,
8,"Bis-Acrylamide",9,"10g",1,1,1,,"Basket-1",54,"15433599",
9,"Kanamycin Sulphate",9,"5g",5,1,1,,"Basket-2",54,"J17924-	5",
10,"Mitomycin C",8,"2mg",5,9,1,,"Basket-1",54,"29805.01",
11,"Tetracyclin",9,"5g",5,2,1,,"Basket-2",54,"J61714.06",
12,"Amplicin Sodium",1,"25g",5,3,1,,"Basket-2",54,"J11259",
14,"Dithithritol, DTT",1,"5g",1,2,1,,"Basket-1",54,"R0861",
15,"Chloramphenicol",9,"25g",5,2,1,,"Basket-2",54,"B20841.14",
16,"IPTG",1,"5g",1,1,1,,"Basket-1",54,"R0392",
17,"Erythromycin",9,"10g",5,1,1,,"Basket-2",54,"J67080",
18,"Pancreatin, from Porcine Pancrease",11,"25g",1,1,1,,"Basket-1",54,"6681-4425",
19,"Pepsin powder",14,"20g",1,1,1,,"Basket-1",54,"EW-88354-16",
20,"Bacitracin",14,"1mg",5,1,1,,"Basket-2",54,"AC226110050",
21,"Ethidium Bromide",8,"5g",1,2,1,,"Basket-1",54,"21251.01",
22,"L-tryptophan",11,"25g",1,1,1,,"Basket-2",54,"8619-4125",
24,"L-phenylalanine",11,"25g",1,1,1,,"Basket-2",54,,
25,"XLT-4 selective Suppliment",3,"100ml",1,1,1,,"Basket-3",54,"SR0237",
26,"L-tyrosine",11,"25g",1,1,1,,"Basket-2",54,,
27,"Nalidixic Acid",11,"25g",5,1,1,,"Basket-2",54,"02-2137-9988",
28,"Spot Indole Reagent",,,1,1,1,,"Basket3",54,,
29,"E.coli Endotoxin",16,"1ml",1,1,1,,"Basket-1",54,,
30,"Salmonella Identification Kits with reagents",17,,8,5,1,,"Kits",54,,
31,"His-Tag Protein Expression Check Kit",13,"30",2,2,1,,"present as kits in packing",54,"ab270048",
32,"Anti-6X His tag® antibody",13,"100ug",6,1,1,,"Antibodies-Box",,"ab14923",
33,"Goat Anti-Rabbit IgG H&L (HRP)",13,"1mg",6,1,1,,"Antibodies-Box",21,"ab 6721",
34,"Goat Anti-Chicken IgY H&L (Alkaline Phosphatase)",13,"1mg",6,1,1,,"Antibodies-Box",21,"ab6878",
35,"IBD Win",,"1 tube",1,1,1,,"Present in kit",21,,
36,"Petri Plates Box",62,"500",4,18,,,,,,
37,"White Tips",,,4,0,37,,"1 case is in MMG store",37,,
38,"Yellow Tips",,,4,20,37,,"15 packets in MMG store",37,,
39,"Microcentrifuge Tubes",,"5000",4,4,37,,,37,,
40,"Gloves",,"50",4,141,39,,"40 packets in MMG store",39,,
41,"Tissue Rolls",46,"12",4,11,65,,,65,,"only 15 pieces remaining"
44,"Eppendorf Storage Box",19,,4,300,34,,"present at variable places, MMG store, Cub1 and Lab",34,,
45,"Round Bottom Falcon Tubes-14ml",,"500",4,2,41,,,41,,
46,"Loops",63,"1000",4,9,42,,,42,,
48,"Syringe Filters (0.45um)",,"50each",4,13,66,,,66,,
49,"Tissue box",46,"12",4,12,65,,,65,,
50,"Paper Tape",,,4,29,34,,,34,,
51,"Scotch tape",,,4,6,34,,,34,,
53,"Blue Tips",,,4,5,37,,,37,,
57,"Microcentrifuge Tubes",,,4,1,26,,,30,,
58,"PCR Tubes",,,4,12,37,,,37,,
59,"Cryovials",,,4,3,26,,,30,,
60,"Yellow Bags",,"1",4,1,26,,,31,,
61,"Falcon Tubes (50ml)",,"500",4,2,58,,,58,,
62,"Blue Shopping bags",,"1",4,1,26,,,32,,
63,"Plastic Dropper",,,4,1,34,,,34,,
64,"GeneJet Spin Columns and Collections tubes",1,,2,2,15,,,15,,
65,"Cooked Meat Medium",3,"500g",1,7,7,,,7,,
66,"Gel Extraction kit",1,"50",2,7,17,,,17,,
67,"Bacterial Genome Extraction kit",1,"50",2,12,16,,,16,,
70,"Boric Acid (Powder)",22,"1kg",1,1,10,,,10,,
71,"Ammonium sulfate",22,"500g",1,1,2,,,2,,
72,"Buffered Pepton",17,"500g",1,4,8,,,8,,
73,"EDTA-sodium",22,"1kg",1,3,4,,,4,,
74,"DMSO- Dimmethylsulfoxide",15,"500ml",1,1,27,,,29,,
76,"Plasmid Extraction miniprep",1,"250",2,3,17,,,17,,
77,"Distilled water ampule",,"100",1,1,27,,,30,,
78,"Dialysis Device-Float A Lyzer  G2 3.5-5kda + dialysis membrane",,"1",4,1,18,,,18,,
80,"Imidazole",22,"100g",1,3,24,,,24,,
81,"Dnase and Rnase Free Water",1,"500ml",1,8,35,,,35,,
82,"96 well plates for qPCR Applied biosystem",,"1",4,5,13,,,13,,
83,"Agarose Powder",1,"500g",1,1,2,,,2,,
84,"RNA Extraction kit",1,"50",2,6,15,,,15,,
85,"Blood vials Gel tube clot activator yellow",,,1,1,18,,,18,,
86,"Blood vials clot activator red",,,1,1,18,,,18,,
87,"Dialysis cassette 10kda",1,"10",4,4,18,,,18,,
88,"Aluminum Foil",24,"0",4,27,36,,,36,,
89,"Applied Bio System starter kit",1,,2,1,14,,,14,,
90,"Dassicator",,"1",3,1,43,,,43,,
91,"Elelctroration cuvette 0.2cm",25,"50",4,1,69,,,69,,
93,"Electroporation cuvette 0.1cm",25,"50",4,0,69,,,69,,
94,"skim milk powder",3,"500g",1,4,8,,,8,,
95,"Tryptose",3,"500g",1,2,9,,,9,,
96,"TSI",3,"500g",1,4,8,,,8,,
97,"Buffered Peptone water",3,"500g",1,4,8,,,8,,
98,"SIM Medium",3,"500g",1,4,8,,,8,,
99,"XLT4 agar base",3,"500g",1,4,8,,,8,,
100,"NaCl",15,"500g",1,8,29,,,29,,
101,"Sodium acetate trihydrate",15,"1kg",1,1,10,,,10,,
102,"MacConkey agar",3,"500g",1,8,9,,,9,,
103,"Glycine",3,"1kg",1,8,10,,,10,,
104,"Rappaport Vassiliadis R10 broth",27,"500g",1,5,8,,,8,,
105,"Macconkey broth",3,"500g",1,5,9,,,9,,
107,"Tris ultra pure",12,"1kg",1,2,29,,,29,,
108,"Motility test medium",27,"500g",1,2,33,,,14,,
109,"Hekton Enteric Agar",27,"500g",1,1,9,,,9,,
110,"Brilliant green agar",27,"500g",1,3,8,,,8,,
111,"D-Sorbitol",23,"1kg",1,1,10,,,10,,
112,"Indole Nitrate medium",28,"500g",1,1,12,,,12,,
114,"Selenite cystein broth",3,"500g",1,10,8,,,8,,
115,"perferingens agar base",3,"500g",1,4,8,,,8,,
117,"EMB agar",3,"500g",1,0,3,,,3,,
118,"Potassium hydroxide",32,"1kg",1,1,2,,,2,,
119,"Acrylamide",33,"1kg",1,1,4,,,4,,
120,"SS agar",3,"500g",1,18,8,,,8,,
121,"Sodium dodecyl sulphate",34,"1kg",1,1,5,,,5,,
122,"Sodium acetate",30,"1kg",1,2,10,,,10,,
123,"poly ethylene glycol 1000",35,"500g",1,2,10,,,10,,
124,"Calcium chloride",15,"1kg",1,1,2,,,2,,
125,"Baird Parker agar base",36,"500g",1,1,9,,,9,,
126,"Lactose Monohydrate",11,"1kg",1,1,4,,,4,,
127,"Fluid thioglycolate medium",3,"500g",1,4,33,,,33,,
128,"Casein",37,"500g",1,1,4,,,4,,
129,"TSB",3,"500g",1,24,28,,,28,,
130,"Sodium Lactate solution 50%",38,"1L",1,1,5,,,5,,
131,"D-Sucrose",29,"500g",1,2,29,,,29,,
132,"nickel sulphate hexa hydrate",15,"1kg",1,1,4,,,4,,
133,"Sodium metabisulphate",11,"500g",1,1,4,,,4,,
134,"Sodium phospahte dibasic anhydrous",11,"500g",1,1,2,,,2,,
135,"MH agar",3,"500g",1,9,28,,,28,,
136,"di-Potassium hydrogen orthphosphate",32,"1kg",1,1,2,,,2,,
137,"potassium phospahte monobasic",32,"1kg",1,1,2,,,2,,
138,"sodium hydroxide pelletes",22,"1kg",1,1,4,,,4,,
139,"polyethylene glycol 4000",39,"500g",1,2,10,,,10,,
140,"magnesium chloride anhydrous",11,"1kg",1,1,2,,,2,,
141,"Bile salts",3,"500g",1,1,3,,,3,,
142,"Mitis Salivarius",40,"500g",1,2,9,,,9,,
143,"Potassium Phosphate monobasic",11,"500g",1,1,4,,,4,,
145,"saflinic acid",9,"1kg",1,1,4,,,4,,
147,"ammonium persulphate",22,"500g",1,1,4,,,4,,
148,"Sodium Biselenite",36,"100g",1,1,24,,,24,,
149,"L- arabinose",11,"25g",1,1,24,,,24,,
150,"PBS tablet",1,"100 tablet",1,2,24,,,24,,
151,"tetrazolium red",33,"25g",1,1,24,,,24,,
152,"sulfanilic acid",15,"25g",1,1,24,,,24,,
153,"L-asparagine",22,"100g",1,1,24,,,24,,
154,"Dulcitol",12,"25g",1,1,25,,,25,,
155,"1-Nephthylamine",15,"25g",1,1,25,,,25,,
156,"Bromophenol Blue",12,"25g",1,1,25,,,25,,
157,"Phenol red",15,"25g",1,0,24,,,24,,
158,"Agarose low melting",41,"25g",1,3,25,,,25,,
159,"Ethidium bromide",1,"10ml",1,2,25,,,25,,
160,"Glutamine",11,"25g",1,1,25,,,25,,
161,"Potassium tallurite",42,"25g",1,1,25,,"Basket",25,,
162,"Agar",27,"500g",1,10,29,,,29,,
163,"Nutrient Broth",27,"500g",1,6,29,,,29,,
164,"Yeast extract",27,"500g",1,12,33,,,33,,
165,"tryptone",27,"500g",1,18,33,,,33,,
166,"Sodium thiosulphate",11,"500g",1,1,2,,,2,,
167,"Magnesium chloride",14,"1kg",1,1,4,,,4,,
169,"Gel extraction",47,"50",2,3,18,,,18,,
170,"PCR purification kit",1,"250",2,3,17,,,17,,
172,"Plasmid isolation Miniprep",1,"250",2,3,17,,,17,,
174,"Cuvette 0.2mm",25,"9",4,0,33,,,9,,
175,"Cuvettes",44,"37",4,0,33,,,,,
177,"Aluminimum foils",,"28",4,0,36,,,36,,
178,"Red viels",,"100",3,0,33,,,8,,
181,"Nest PCR tubes 0.2",,"4000",4,0,33,,,4,,
182,"Syringes 5cc",,,4,16,30,,,30,,
183,"Filter tips 1-200microL",,,4,6,35,,,35,,
185,"Glass column",,"1",3,1,18,,,18,,
186,"96 well culture plates",,"26",4,0,33,,,5,,
189,"100l flsk",,"3 boxes",3,0,33,,,6,,
190,"plasmid maxiprep",1,"6",2,150,15,,,15,,
191,"Phage DNA isolation kit",45,"50",2,1,18,,,18,,
192,"2-Marceptoethanol",14,"2.5L",1,1,24,,,24,,
193,"Ortho phosphoric acid",32,"2.5L",1,1,11,,,11,,
194,"Acetic acid glacial",32,"2.5L",1,2,11,,,11,,
195,"Glycerol",32,"2.5L",1,5,9,,,9,,
197,"Chloroform",32,"2.5L",1,2,12,,,12,,
198,"parafilm",,"1 roll",4,5,37,,,37,,
199,"Methanol",32,"5L",1,2,58,,"Contct Shahbaz",58,,
200,"2-Propanol",32,"5L",1,2,58,,"Contct Shahbaz",58,,
202,"Spreader",,"500pcs",4,8,38,,"3 boxes in upper portion of microlab",38,,
203,"Flask 500ml",,"1",3,17,25,,"Contct Shahbaz",25,,
204,"Beaker 250mL",,"1",3,2,25,,"Contct Shahbaz",25,,
205,"Beaker 100mL",,"1",3,2,25,,"Contct Shahbaz",25,,
206,"Beaker2500mL",,"1",3,2,25,,"Contct Shahbaz",25,,
209,"DNA purification reagents UVAS",1,"50",2,13,33,,,34,,
212,"Viral Nucleic acid extraction kit",48,"100",2,2,18,,,18,,
213,"Protein concentrator 10kda",1,"10",2,2,18,,,18,,
214,"Viral RNA extraction kit",49,"50",2,1,13,,"in use",13,,
215,"DNA extraction kit",50,"50",2,1,18,,"in use",18,,
216,"Anaerobic Sachet",1,"10",1,8,59,,,59,,
217,"Methylene Blue",11,"25g",1,1,25,,"in use",25,,
218,"Nitrocellulose Membrane 0.45um",1,"3.5m",2,1,18,,"in use",18,"present in the box of dialysis device",
219,"Phenol",51,"1kg",1,1,33,,"in use",18,,
220,"Fuschin basic",52,"100g",1,1,33,,"in use",18,,
221,"Reszurin tablets",53,"25no.",1,1,33,,"in use",16,,
222,"Chicken IgY ELISA kit",54,"96",2,1,60,,,60,,
223,"Chicken IgA ELISA kit",54,"96",2,1,60,,,60,,
224,"Chicken IFNg ELISA kit",54,"96",2,1,60,,,60,,
225,"Chicken IL-6 ELISA kit",54,"96",2,1,60,,,60,,
226,"Chicken IgM ELISA kit",54,"96",2,1,60,,,60,,
230,"Gel extraction kit",44,"50",2,1,18,,,18,,
231,"RNA extraction kit",55,"10",2,1,16,,"Sample",16,,
232,"RNA extraction kit",56,"50",2,1,15,,,15,,
233,"DNA extraction kit",55,"10",2,1,16,,"Sample",16,,
235,"Plasmid isolation Miniprep Kit",55,"10",2,1,18,,"sample",18,,
236,"Ammonium persulfate",22,"500g",1,1,4,,,4,,
237,"Ethidium bromide powder",1,"1g",1,1,25,,,25,,
239,"Malt extract",58,"500g",1,1,9,,,9,,
240,"Beef extract",58,"500g",1,1,9,,,9,,
241,"Urea",11,"500g",1,2,10,,,10,,
242,"Manitol",17,"500g",1,2,6,,,6,,
243,"Magnesium sulfate",15,"1kg",1,1,2,,"in use",2,,
244,"Ammonium iron citrate",11,"500g",1,1,2,,,2,,
245,"Potassium Dextrose agar",17,"500g",1,1,4,,,4,,
246,"Potassium oxlate",15,"1kg",1,1,4,,,4,,
247,"Sodium disulphide",30,"500g",1,1,4,,,4,,
248,"Dextrose",11,"500g",1,1,4,,,4,,
249,"Calcium carbonate",15,"1kg",1,1,4,,,4,,
250,"Brain Heart infusion broth",3,"500g",1,1,2,,,2,,
251,"Tween 20",11,"500g",1,1,5,,,5,,
252,"Tween 80",11,"500g",1,1,5,,,5,,
253,"Diatomacious earth",27,"100g",1,3,5,,,5,,
254,"MH broth",36,"500g",1,1,2,,"in use",2,,
255,"Resazurin tablet",,"100",1,1,24,,,24,,
256,"Gram staining kit",,,1,1,5,,,5,,
257,"periodic acid",,,1,1,24,,,24,,
258,"Silver Nitrate",,,1,1,24,,,24,,
259,"pyridoxine HCl",,,1,1,24,,,24,,
260,"Nessler's reagent",,,1,1,24,,,24,,
261,"L- glutamic acid",,,1,1,24,,,24,,
262,"casamino acid",,,1,1,24,,,24,,
263,"Fuschin basic",,,1,1,24,,,24,,
264,"commassie blue R250",,,1,1,25,,,25,,
265,"commassie blue G250",,,1,1,25,,,25,,
266,"oxidase regeant (N,N,N,N-tetramethyl-p-phenyline diamine-2HCl)",,,1,1,25,,,25,,
267,"2,3,5-triphenyl-2H-tetrazolium chloride",,,1,1,25,,,25,,
268,"Silica beads",,"500g",1,1,4,,,4,,
269,"YPD",59,"500g",1,2,28,,,28,,
270,"Biotin",4,"1g",1,1,54,,"Basket-1",54,,
271,"Endotoxin binding reagent",1,,2,1,54,,"Basket-1",54,,
272,"Tergitol",60,"50mL",1,3,54,,"Basket-1",54,,
273,"BSA",15,"25g",1,1,54,,"Basket-1",54,,
274,"Spectinomycin",,"5g",5,1,54,,"Basket-2",54,,
275,"Gentamycin",,"5g",5,1,54,,"Basket-2",54,,
276,"Apramycin",57,"1g",5,1,54,,"Basket-2",54,,
277,"cefotaxime sodium salt",9,"1g",5,1,54,,"Basket-2",54,,
278,"Streptomycin sulphate",14,"5g",5,1,54,,"Basket-2",54,,
279,"Egg yolk emulsion",17,"100mL",1,2,54,,"Baskte-3",54,,
280,"alkyltrimethylammonium bromide (Cetrimide)",15,"100g",1,1,54,,"Basket-3",54,,
281,"Xyline cyanose",4,"5g",1,1,54,,"Basket-3",54,,
282,"Temed",12,"100mL",1,1,54,,"Basket-3",54,,
283,"XLT-4 supplement",17,"40mL",1,1,54,,"Basket-3",54,,
284,"IMAC column",,"1ml",3,2,54,,"Basket-3",54,,
285,"IMAC column",,"5mL",3,2,54,,"Basket_3",54,,
286,"Plasmid Swabs for taq polymerases",,,2,0,54,,"Basket-3",54,,
287,"PCR purification kit",47,"50",2,3,18,,,18,,
288,"Plasmid extraction Miniprep",47,"50",2,3,18,,,18,,
289,"Multipet adaptor 50mL",61,,4,1,18,,,18,,
290,"Multipet adaptor 25mL",61,,4,1,18,,,18,,
291,"Combitips advanced",61,,4,1,18,,,18,,
292,"multipet tips",61,,4,1,18,,,18,,
293,"Gel extraction kit",2,"50",2,3,13,,,13,,
294,"Acrylamide",4,"100g",1,1,4,,,4,,
295,"Microbiome extraction kit",44,"100reaction",2,2,13,,,13,,
296,"Microbiome extraction kit",55,"50 reaction",2,5,19,,,19,,
297,"Erythromycin",11,"5g",5,1,54,,"Basket-2",54,,
299,"Falcon tube (50mL)",,"800",4,1,39,,,39,,
300,"Falcon tube (15mL)",18,,4,10,58,,,58,,
301,"Falcon tube racks orange",,,4,45,38,,,38,,
302,"Face Mask",,"50",4,4,38,,,38,,
303,"PCR tube racks",,,4,22,34,,,34,,
304,"Microfiber cloth",,,4,1,34,,,34,,
305,"Tape dispenser",,,4,2,37,,,37,,
306,"Polythene bags blue",,,4,10,36,,,36,,
307,"Cotton role",,,4,2,36,,,36,,
308,"Zipper bag",,,4,200,36,,,36,,
309,"Buccal Swabs",,"100",4,8,38,,,38,,
310,"Syringes 1cc",,,4,14,31,,,31,,
311,"Syringes 10cc",,,4,19,31,,,31,,
312,"syringes 20cc",,,4,20,31,,,31,,
313,"Syringes 30cc",,,4,17,30,,,30,,
314,"filter tips 20Ul",,"50",4,15,35,,,35,,
315,"filter tips 0.1-10uL",,"50",4,6,35,,,35,,
316,"filter tips 100-1000uL",,"50",4,6,35,,,35,,
317,"Eppendorf rack",,,4,12,,,,,,
318,"Immunoplates",1,"10",4,8,35,,,35,,
319,"Cell culture plates",18,"23",4,23,35,,,35,,
320,"reservior",18,"10",4,12,35,,,35,,
321,"cover slip",,"200",4,5,35,,,35,,
322,"glass slides",,"100",4,10,35,,,35,,
323,"His column",,,3,4,35,,,35,,
324,"filteration assembly 0.2um",,"12",4,8,43,,"working is present in ap while present in large boxes in upper racks of microsection",43,,
325,"Anaerobic jar",,,3,0,,,,,,
326,"Syringe 5cc",,"100",4,19,,,,,,
327,"Ethanol",,"2.5L",1,5,32,,,32,,
328,"Optical adhesive covers Applied biosciences",1,,2,10,67,,,,,
329,"Adhesive sealing sheets (qPCR)",1,,2,100,67,,,,,
330,"Measuring cylinder (glass) 250mL",65,,3,2,42,,,42,,
331,"Measuring cylinder (glass) 500mL",65,,3,3,22,,,22,,
332,"Anaerobic jar",3,,4,3,42,,,42,,
333,"glass test tubes",65,,3,50,43,,,43,,
334,"glass petri plates",65,,3,40,43,,,43,,
335,"Spirit Lamps",,,3,3,43,,,43,,
336,"Microbank",,,4,3,43,,,43,,
337,"Stomacher bag rack",66,,4,1,43,,,43,,
338,"Stomacher bag",66,"2000",4,1,43,,,43,,
339,"Glass pipette 10mL",65,,3,8,43,,,43,,
340,"Glass pipette 5mL",65,,3,9,43,,,43,,
341,"Spectrophotometer cuvettes",,,4,15,43,,,43,,
342,"Membrane Glass filter 1.2um",,,4,50,68,,,68,,
343,"Membrane Glass filter 0.7um",,"100",4,9,68,,,68,,
344,"Membrane  filter 0.45um",,"100",4,2,68,,,68,,
345,"Membrane filters 0.22um",,"100",4,1,68,,,68,,
346,"Loops 10uLBlue",,"4000",4,7,58,,,58,,
347,"orthophosphoric acid",32,"2.5L",1,1,58,,,58,,
348,"beta marceptoethanol",32,"2.5L",1,1,58,,,58,,
349,"Parafilm",,,4,5,58,,,58,,
350,"Acetic Acid",,"2.5L",1,4,58,,,58,,
351,"Choloform",,"2.5L",1,4,58,,,58,,
352,"Lab coats WHITE",,,4,9,43,,,43,,
353,"Lab coat blue",,,4,1,43,,,43,,
354,"Flask 2 liter",,,3,2,,,,,,
355,"Flask 1 liter",,,3,4,,,,,,
356,"Flask 500mL",,,3,12,,,,,,
357,"Flask 250mL",,,3,33,,,,,,
358,"Flask 100mL",,,3,25,,,,,,
359,"Flask 50mL",,,3,4,,,,,,
360,"Reagent bottle 1 liter",,,3,11,,,,,,
361,"Reagent bottle 500mL",,,3,11,,,,,,
362,"Reagent bottle 250mL",,,3,16,,,,,,
363,"Reagent bottle 100mL",,,3,18,,,,,,
364,"Beaker 1L",,,3,1,,,,,,
365,"Beaker 500mL",,,3,1,,,,,,
366,"Beaker 250mL",,,3,3,,,,,,
367,"test tubes 10mL",,,3,15,,,,,,
368,"Test tube 25mL",,,3,1,,,,,,
369,"Lyophilizer flask round bottom",,,3,12,22,,,22,,
