"ID","Box-detail"
1,"Dr. Shafiq- ur Rehman Glycerol Stocks"
2,"GS-1 (A1-a)"
3,"GS-2 (A1-b)"
4,"GS-35 (D1-a)"
5,"New deletion Primers-Hamza"
6,"GS-11 (A4-b)"
7,"CRISPr plasmids-MRSA"
8,"GS-18 (B2-c)"
9,"GS-16 (B2-a)"
10,"GS-34 (D1-c)"
11,"Unknown-1"
12,"Unknown-2"
13,"Unknown-3"
14,"GS-19 (B3-a)"
15,"GS-9 (A3-c)"
16,
17,"GS-37 (D2-c)"
18,"GS-14 (B1-b)"
19,"GS-13 (B1-a)"
20,"Samra G.S"
21,"GS-39 (D2-b)"
22,"PB-2 (E1-b)"
23,"PB-1 (E1-a)"
24,"PB-3 (E1-c)"
25,"GS-5 (A2-b)"
26,"GS-6 (A2-c)"
27,"GS-4 (A2-a)"
28,"Pseudo-GS-Alvi"
29,"GS-23 (B4-b)"
30,"Sara-Sania GS"
31,"GS-25 (C1-a)"
32,"GS-26 (C1-b)"
33,"GS-38 (D2-a)"
34,"SG-Phages Hafsa"
35,"Alvi-Sg mutant GS"
36,"PB-5 (E2-b)"
37,"E.coli Primers"
38,"GS-7 (A3-a)"
39,"GS-10 (A4-a)"
40,"GS-17 (B2-b)"
41,"GS-22 (B4-a)"
42,"GS-29 (C2-b)"
43,"Pcas9-Gs"
44,"Ahsan-Box-3"
45,"GS-31 (C3-a)"
46,"GS-32 (C3-b)"
47,"GS-33 (C3-c)"
48,"Rabia-1"
49,"Rabia-2"
50,"Rabia-3"
51,"PB-6 (E2-c)"
52,"PB-4 (E2-a)"
53,"Shafiq-GS-1"
54,"Rabia-4"
55,"GS-24 (B4-c)"
56,"GS-27 (C1-c)"
57,
58,"GS-40 (D3-a)"
59,"GS-41 (D3-b)"
60,"GS-42 (D3-c)"
61,"Pseudo-strains by Shamin+Sariya"
62,"Farah-GS-2"
63,"Dr-A rehman-1"
64,"Dr-A rehman-2"
65,"Dr-A rehman-3"
66,"Dr-Noman-1"
67,"Dr-Noman-2"
68,"Serum 40-E7"
69,"Dr Imran-1"
70,"Dr Imran-2"
71,"Dr Imran-3"
72,"Serum Samples-ELISA"
73,"Jawad-1"
74,"Jawad-2"
75,"Dr-Noman-4"
76,"Dr-Noman5"
77,"Dr-Noman-6"
78,"Dr-zaigham-1"
79,"Dr-Zaigham-2"
80,"IDRC-UVAS-Dr.Zafar"
81,"PCR Master-Mix-1"
82,"PCR Master-Mix-2"
83,"PCR Master-Mix-3"
84,"DNA and Protein Ladders"
85,"Cyber Green Master mix-1"
86,"Cyber Green Master mix-2"
87,"Taq DNA pol and buffers-mgcl2"
88,"dNTP mix"
89,"Gibbson Assembly  kit"
90,"Lemo21 DE3 competent cells"
91,"Restriction enzymes and buffers"
92,"Golden gtae assembly kit"
93,"Dnase, Rnase,Proteinase k,ligase"
94,"Hifi DNA assembly kits"
95,"GS-30 (C2-c)"
96,"Shafiq-GS-2"
97,"DNA pol-Dream-taq-Q5"
98,"powertrack sybergreen mastermix"
99,"Primer Box-A1"
100,"Primer Box-A2"
101,"Primer Box-A4"
102,"Primer Box-A5"
103,"Primer Box-A6"
104,"Hamza Primer Box-2"
105,"GS-3 (A1-c)"
106,"GS-28 (C2-a)"
107,"GS-20 (B3-b)"
108,"GS-21 (B3-c)"
109,
110,"HCV-E1-E2"
111,"GS-8 (A3-b)"
112,
113,
114,
115,"GS-12 (A4-c)"
116,"GS-36 (D1-b)"
117,"GS-48 (C4-c)"
118,"GS-50 (F1-c)"
119,"GS-43(D4-a)"
120,"GS-51(F2-a)"
121,"GS-52-(F2-b)"
122,"GS-52-(F2-c)"
