"ID","Manufacturers"
1,"Thermo"
2,"NEB"
3,"Oxoid"
4,"Merk"
5,"Biostone"
6,"Canta Cruz"
7,"Neogen"
8,"Serva"
9,"Alfa Aser"
10,"Chem-Impex"
11,"DAE Jung"
12,"MpBio"
13,"Abcam"
14,"Acros Organics"
15,"Sigma Aldrich"
16,"Lonza"
17,"HiMedia"
18,"SPL Life Sciences"
19,"Biologix"
20,"Hydox"
21,"Kirgens"
22,"Biochem"
23,"HiMedia"
24,"Diamond"
25,"Bio Rad"
26,"Icon Chemicals"
27,"Alpha"
28,"Baltimore biological company"
29,"phytochemicals"
30,"Scharlau"
31,"TM media"
32,"Fischer"
33,"Applichem"
34,"CalBiochem"
35,"Roth"
36,"Bio Life"
37,"Unichem"
38,"GBR"
39,"Sam chun"
40,"Bio Maxima"
41,"BioBasic"
42,"Kanto chemical"
43,"Biolab"
44,"invitrogen"
45,"Norgen Biotech corp."
46,"Rose petal"
47,"Qiagen"
48,"Vivantis"
49,"Nucleospin"
50,"SolarBio"
51,"Duksan"
52,"Panreac"
53,"BDH"
54,"ABBEXA-UK"
55,"Zymo Research"
56,"Favorgen"
57,"Solar bio"
58,"BioWorld"
59,"Condalab"
60,"BioKar"
61,"Eppendorf"
62,"CellPro"
63,"Citotest"
64,"NEST"
65,"Pyrex"
66,"Steward"
