"ID","Location","A","B","c","D","E","F","G","H","I","J","K","L","M","N","O"
1,"1-a",2,18,30,10,22,53,63,30,,,,,,85,94
2,"1-b",3,19,31,17,23,54,64,30,,,,,,89,
3,"1-c",,20,32,33,24,55,65,30,,,,,,90,
4,"2-a",25,8,42,33,36,56,66,95,75,,,,,88,
5,"2-b",26,9,18,35,37,57,67,96,76,,,,,91,
6,"2-c",27,40,44,21,51,58,68,,77,,,,,92,
7,"3-a",38,11,45,,52,59,69,,78,,,,81,84,
8,"3-b",15,12,46,,,60,70,,78,,,,82,85,
9,"3-c",16,13,47,,,59,71,,,,,,98,87,
10,"4-a",5,,48,,,28,72,,,80,,,81,93,
11,"4-b",6,28,49,,,59,73,,,,,,82,93,
12,"4-c",7,29,50,,,62,73,,,,,,83,,
13,"4-a",6,,,,,,,,,,,,,,
