"ID","Specie","Strain No","Wild-type/Recom","Glycerol Stock-tube label","GS-Freezer Number","GS-Rack Number","GS-Box-details","Genomic DNA Label","GD-Freezer Number","GD-Rack Number","GD-Box-detail","Antibiotic sensitivity","Antibiotic resistance","Detail of Bacterial Strain","Genomic DNA tube Label","Location in Box-GS","Loction in Box-PD"
1,2,"PA 13",1,"PA 13",1,1,2,,,,,,,"NS",,"A2",
2,2,"PA 35",1,"PA 35",1,1,2,,,,,,,"NS",,"A3",
3,2,"PA 26",1,"PA 26",1,1,2,,,,,,,"NS",,"A1",
4,2,"PA33",1,"PA 33",1,1,2,,,95,,,,"NS",,"A4",
5,2,"PA31",1,"PA 31",1,1,2,,,,,,,"NS",,"A5",
6,2,"PA 30",1,"PA30",1,1,2,,,,,,,"NS",,"A6",
7,2,"PA29",1,"PA29",1,1,2,,,,,,,"NS",,"A7",
8,2,"PA23",1,"PA23",1,1,2,,,,,,,"NS",,"A8",
9,2,"PA24",1,"PA24",1,1,2,,,,,,,"NS",,"A9",
10,2,"PA27",1,"PA29",1,1,2,,,,,,,"NS",,"A10",
11,2,"PA22",1,"PA22",1,1,2,,,,,,,"NS",,"B1",
12,2,"PA20",1,"PA20",1,1,2,,,,,,,"NS",,"B2",
13,2,"PA19",1,"PA19",1,1,2,,,,,,,"NS",,"B3",
14,2,"PA18",1,"PA19",1,1,2,,,,,,,"NS",,"B4",
15,2,"PA16",1,"PA16",1,1,2,,,,,,,"NS",,"B5",
16,2,"PA25",1,"PA25",1,1,2,,,,,,,"NS",,"B6",
17,2,"PA10",1,"PA10",1,1,2,,,,,,,"NS",,"B7",
18,2,"PA3",1,"PA3",1,1,2,,,,,,,"NS",,"B8",
19,2,"PA4",1,"PA4",1,1,2,,,,,,,"NS",,"B9",
20,2,"PA6",1,"PA6",1,1,2,,,,,,,"NS",,"B10",
21,2,"PA7",1,"PA7",1,1,2,,,,,,,"NS",,"C1",
22,2,"PA8",1,"PA8",1,1,2,,,,,,,"NS",,"C1",
23,2,"PA9",1,"PA9",1,1,2,,,,,,,"NS",,"C3",
24,4,"BL-21",2,"BL-21 G STOCK",1,1,2,,,,,,,"ES",,"C5",
25,3,"SG-A_18",1,"SG-A_18",1,1,3,,,,,,,"NS",,"A1",
26,3,"SG-B_24",1,"SG-B_24",1,1,3,,,,,,,"NS",,"A2",
27,3,"SG-C_15",1,"SG-C_15",1,1,3,,,,,,,"NS",,"A3",
28,3,"SG-D-52",1,"SG-D-52",1,1,3,,,,,,,"NS",,"A4",
29,3,"SG-E-53",1,"SG-E-53",1,1,3,,,,,,,"NS",,"A5",
30,3,"SG-F_54",1,"SG-F-54",1,1,3,,,,,,,"NS",,"A6",
31,3,"SG-G-75",1,"SG-G-75",1,1,3,,,,,,,"NS",,"A7",
39,3,"SG-4",1,"SG-4",1,1,3,,,,,,,"NS",,"A8",
40,3,"SG-12",1,"SG-12",1,1,3,,,,,,,"NS",,"A9",
41,3,"SG-12",1,"SG-12",1,1,3,,,,,,,"NS",,"A10",
42,3,"SG-18",1,"SG-18",1,1,3,,,,,,,"NS",,"B1",
43,3,"SG-18",1,"SG-18",1,1,3,,,,,,,"NS",,"B2",
44,3,"SG-29",1,"SG-29",1,1,3,,,,,,,"NS",,"B3",
45,3,"SG-29",1,"SG-29",1,1,3,,,,,,,"NS",,"B4",
46,3,"SG-36",1,"SG-36",1,1,3,,,,,,,"NS",,"B5",
47,3,"SG-36",1,"SG-36",1,1,3,,,,,,,"NS",,"B6",
48,3,"SG-47",1,"SG-47",1,1,3,,,,,,,"NS",,"B7",
49,3,"SG-47",1,"SG-47",1,1,3,,,,,,,"NS",,"B8",
50,3,"SG-60",1,"SG-60",1,1,3,,,,,,,"NS",,"B9",
51,3,"SG-60",1,"SG-60",1,1,3,,,,,,,"NS",,"B10",
52,3,"SG-67",1,"SG-67",1,1,3,,,,,,,"NS",,"C1",
53,3,"SG-67",1,"SG-67",1,1,3,,,,,,,"NS",,"C2",
54,7,"S.T",1,"S.T",1,1,3,,,,,,,"NS",,"C3",
55,7,"S.T",1,"S.T",1,1,3,,,,,,,"NS",,"C4",
56,6,"S.E",1,"S.E",1,1,3,,,,,,,"NS",,"C5",
57,6,"S.E",1,"S.E",1,1,3,,,,,,,"NS",,"C6",
58,8,"SGP-C_Lo",1,"SGP-C_Lo",1,1,3,,,,,,,,,"C7",
59,8,"SGP-C_L2",1,"SGP-C_L2",1,1,3,,,,,,,,,"C8",
60,8,"SGP-C_L5",1,"SGP-C_L5",1,1,3,,,,,,,,,"C9",
61,8,"SGP-C_L6",1,"SGP-C_L6",1,1,3,,,,,,,,,"C10",
62,6,"AZ-1",1,"AZ-1",1,1,3,,,,,,,"NS",,"D1",
63,6,"AZ-1",1,"AZ-1",1,1,3,,,,,,,"NS",,"D2",
64,,"AZ-8",1,"AZ-8",1,1,3,,,,,,,"NS",,"D3",
65,,"AZ-8",1,"AZ-8",1,1,3,,,,,,,"NS",,"D4",
66,6,"AZ-10",1,"AZ-10",1,1,3,,,,,,,"NS",,"D5",
67,6,"AZ-10",1,"AZ-10",1,1,3,,,,,,,"NS",,"D6",
68,5,"47L-A1",1,"47L-A1",1,1,3,,,,,,,"NS",,"D7",
69,5,"47L-A1",1,"47L-A1",1,1,3,,,,,,,"NS",,"D8",
70,5,"70L-B2",1,"70L-B2",1,1,3,,,,,,,"NS",,"D9",
71,5,"70L-B2",1,"70L-B2",1,1,3,,,,,,,"NS",,"D10",
78,4,"TOP-10",2,"Top-10",1,3,38,,,,,,,"ES",,"E1",
79,3,"SG-18",2,"AMP-INSERT-SG18-SSAU",1,3,38,,,,,,,"AMP-INSERT-SG18-SSAU",,"E2",
82,3,"SG-18",2,"Top-10",1,3,38,,,,,,,"Top-10 ",,"E5",
87,3,"SG-18",1,"LAMBDA-RED-SG18-KANA",1,3,38,,,,,,,"LAMBDA-RED-SG18-KANA",,"F1",
88,3,"SG-18",1,"LAMBDA-RED-SG18-KANA",1,3,38,,,,,,,"LAMBDA-RED-SG18-KANA",,"F2",
89,3,"SG-18",1,"LAMBDA-RED-SG18-KANA",1,3,38,,,,,,,"LAMBDA-RED-SG18-KANA",,"F3",
90,3,"SG-18",1,"ECC-LAMBDA-RED-SG18-KANA",1,3,38,,,,,,,"ECC-LAMBDA-RED-SG18-KANA",,"F4",
91,3,"SG-18",1,"ECC-LAMBDA-RED-SG18-KANA",1,3,38,,,,,,,"ECC-LAMBDA-RED-SG18-KANA",,"F5",
92,3,"SG-18",1,"ECC-LAMBDA-RED-SG18-KANA",1,3,38,,,,,,,"ECC-LAMBDA-RED-SG18-KANA",,"F6",
93,3,"SG-18",1,"ECC-LAMBDA-RED-SG18-KANA",1,3,38,,,,,,,"ECC-LAMBDA-RED-SG18-KANA",,"F7",
94,3,"SG-18",1,"ECC-LAMBDA-RED-SG18-KANA",1,3,38,,,,,,,"ECC-LAMBDA-RED-SG18-KANA",,"F8",
96,4,"Top-10",2,"TOP-10",1,3,38,,,,,,,"TOP-10",,"G1",
99,3,"SG-18",1,"LAMBDA-RED-SGPC",1,3,38,,,,,,,"LAMBDA-RED-SGPC",,"G4",
100,4,"Top-10",2,"TOP-10",1,3,38,,,,,,,"TOP-10",,"G3",
101,3,"SG-18",1,"WT-SGPC-LAMBDA RED",1,3,38,,,,,,,"WT-SGPC-LAMBDA RED",,"G6",
102,3,"SG-18",2,"AMP-INSERT-SG18/SSAU",1,3,38,,,,,,,"AMP-INSERT-SG18/SSAU",,"G7",
103,3,"SG-18-d-ssau",2,"SSAU-DELETED-SG18",1,3,38,,,,,,,"SSAU-DELETED-SG18",,"G8",
107,3,"SG-18-d-ssau",2,"SG18-SSAU DELETED-LAMBDA RED",1,3,38,,,,,,,"SG18-SSAU DELETED-LAMBDA RED",,"H3",
110,3,"SG-18",2,"RECOMBINANT-SGPC-SG18",1,3,38,,,,,,,"RECOMBINANT-SGPC-SG18",,"H6",
123,1,"MR-14",1,"MR-14",1,4,5,,,,,,,"MR-14",,"A1, A2,A3",
129,4,"Top-10",2,"TOP-10",1,4,39,,,,,,,"TOP-10",,"A7",
143,3,"SG-18",1,"LAMBDARED-CAS9 IN SG18( FOR SELECTION OF PHAGE ON CAM-KANA)",1,4,5,,,,,,,"LAMBDARED-CAS9 IN SG18( FOR SELECTION OF PHAGE ON CAM-KANA)",,"C3",
144,4,"Top-10",2,"Top-10",1,4,5,,,,,,,"TOP10 CELLS",,"C4",
150,1,"MR-4",1,"MR-4",1,4,5,,,,,,,"MR-4",,"D1",
219,3,"SG-18-d-ssau",2,"q6 ssau deleted SG18",1,3,38,,,,,,,"q6 ssau deleted SG18",,"A1",
220,3,"SG-18-d-ssau",2,"q2 ssau deleted SG18",1,3,38,,,,,,,"q2 ssau deleted SG18",,"A2",
221,3,"SG-18-d-ssau",2,"q4 ssau deleted SG18",1,3,38,,,,,,,"q4 ssau deleted SG18",,"A3",
228,3,"SG-18-d-ssau",2,"q4 ssau deleted SG18",1,3,38,,,,,,,"q4 ssau deleted SG18",,"B1",
229,3,"SG-18-d-ssau",2,"q6 ssau deleted SG18",1,3,38,,,,,,,"q2 ssau deleted SG18",,"B2",
231,4,"Top-10",2,"Top10",1,3,38,,,,,,,"Top-10",,"B4",
237,3,"SG-18-d-ssau-cur",2,"ssau-deleted-sg18 cured",1,3,38,,,,,,,"ssau-deleted-sg18 cured",,"C1",
239,3,"SG-18-d-ssau-cur",2,"ssau-deleted-sg18 cured",1,3,38,,,,,,,"ssau deleted-sg18 cured",,"C3",
240,3,"SG-18",2,"ampicillin-insert-sg18",1,3,38,,,,,,,"ampicillin-insert-sg18",,"C4",
241,3,"SG-18",2,"ampicillin-insert-sg18",1,3,38,,,,,,,"ampicillin-insert-sg18",,"C5",
246,3,"SG-18-dd-ssau-spvB",2,"spvB-ssau-deleted-sg18",1,3,38,,,,,,,"spvB-ssau-deleted-sg18",,"D1",
247,3,"SG-18-dd-ssau-spvB-cur",2,"ssau-deleted-sg-18 cured",1,3,38,,,,,,,"ssau-deleted-sg-18 cured",,"D2",
248,3,"SG-18-dd-ssau",2,"SG-18-dd-ssau",1,3,38,,,,,,,"SG-18-dd-ssau",,"G8",
249,1,"MR-14",1,"MR-14",1,4,39,,,,,,,"MR-14",,"A1,A2,A3",
250,4,"Top-10",2,"Top-10",1,4,39,,,,,,,"Top-10",,"B1-B8",
251,3,"SG-18",1,"LAMBDARED-CAS9 IN SG18( FOR SELECTION OF PHAGE ON CAM-KANA)",1,4,39,,,,,,,"LAMBDARED-CAS9 IN SG18( FOR SELECTION OF PHAGE ON CAM-KANA)",,"C3",
252,4,"Top-10",1,"Top-10",1,4,39,,,,,,,"Top-10",,"C4",
253,1,"MR-4",1,"MR-4",1,4,39,,,,,,,"MR-4",,"D1",
254,9,"CP1",1,"CP1",1,,25,,,,,,,"NS",,"A1, I1",
255,9,"CP2",1,"CP2",1,,25,,,,,,,"NS",,"A2,I2",
256,9,"CP3",1,"CP3",1,,25,,,,,,,"NS",,"A3,I3",
257,9,"CP4",1,"CP4",1,,25,,,,,,,"NS",,"A4,I4",
258,9,"CP5",1,"CP5",1,,25,,,,,,,"NS",,"A5,I5",
259,9,"CP6",1,"CP6",1,,25,,,,,,,"NS",,"A6,I6",
260,9,"CP7",1,"CP7",1,,25,,,,,,,"NS",,"A7,I7",
261,9,"CP8",1,"CP8",1,,25,,,,,,,"NS",,"A8,I8",
262,9,"CP9",1,"CP9",1,,25,,,,,,,"NS",,"A9,I9",
263,9,"CP10",1,"CP10",1,,25,,,,,,,"NS",,"I10",
264,9,"CP11",1,"CP11",1,,25,,,,,,,"NS",,"B1,J1",
265,9,"CP12",1,"CP12",1,,25,,,,,,,"NS",,"B2,J2",
266,9,"CP13",1,"CP13",1,,25,,,,,,,"NS",,"B3,J3",
267,9,"CP14",1,"CP14",1,,25,,,,,,,"NS",,"B4, J4",
268,9,"CP15",1,"CP15",1,,25,,,,,,,"NS",,"B5,J5",
269,9,"CP16",1,"CP16",1,,25,,,,,,,"NS",,"B6,J6",
270,9,"CP17",1,"CP17",1,,25,,,,,,,"NS",,"B7,J7",
271,9,"CP18",1,"CP18",1,,25,,,,,,,"NS",,"B8,J8",
272,9,"CP19",1,"CP19",1,,25,,,,,,,"NS",,"B9,J9",
273,9,"CP20",1,"CP20",1,,25,,,,,,,"NS",,"J10",
274,4,"TOP-10",2,"TOP10 S",1,,9,,,,,,,"ES",,"A1,A2,A3,A5,A7",
275,4,"BL21",2,"BL21S",1,,9,,,,,,,"ES",,"C4,C5,C6,E2,E3,E4,E5",
277,,,,"K-31",1,,26,,,,,,,,,"A2",
278,4,"TOP10",,"pet289TOP-10",1,,26,,,,,,,"pet289TOP-10",,"A-6",
279,4,,,"Bl-21GS",1,,26,,,,,,,"BL21 in TOP 10",,"A-7",
280,9,,1,"CP-1",1,,25,,,,,,,"NS",,"A-1",
281,9,,1,"CP-2",1,,25,,,,,,,"NS",,"A-2",
282,9,,1,"CP-3",1,,25,,,,,,,"NS",,"A-3",
283,9,,1,"CP-4",1,,25,,,,,,,"NS",,"A-4",
284,9,,1,"CP-5",1,,25,,,,,,,"NS",,"A-5",
285,9,,1,"CP-6",1,,25,,,,,,,"NS",,"A-6",
286,9,,1,"CP-7",1,,25,,,,,,,"NS",,"A-7",
287,9,,1,"CP-8",1,,25,,,,,,,"NS",,"A-8",
288,9,,1,"CP-9",1,,25,,,,,,,"NS",,"A-9",
289,9,,1,"CP-11",1,,25,,,,,,,"NS",,"B-1",
290,9,,1,"CP-12",1,,25,,,,,,,"NS",,"B-2",
291,9,,1,"CP-13",1,,25,,,,,,,"NS",,"B-3",
292,9,,1,"CP-14",1,,25,,,,,,,"NS",,"B-4",
293,9,,1,"CP-15",1,,25,,,,,,,"NS",,"B-5",
294,9,,1,"CP-16",1,,25,,,,,,,"NS",,"B-6",
295,9,,1,"CP-17",1,,25,,,,,,,"NS",,"B-7",
296,9,,1,"CP-18",1,,25,,,,,,,"NS",,"B-8",
297,9,,1,"CP-19",1,,25,,,,,,,"NS",,"B-9",
298,9,,1,"CP-20",1,,25,,,,,,,"NS",,"B-10",
299,10,,1,"CP5lys",1,,25,,,,,,,"Lysogen of CP5(17)",,"C-1",
300,,,,"G-1",1,,25,,,,,,,,,"C-2",
301,,,,"G-1",1,,25,,,,,,,,,"C-3",
302,,,,"?SG",1,,25,,,,,,,,,"C-4",
303,,,,"G-3",1,,25,,,,,,,,,"C-5",
304,,,,"G-3",1,,25,,,,,,,,,"C-6",
305,,,,"G-3",1,,25,,,,,,,,,"C-7",
306,,,,"G-4",1,,25,,,,,,,,,"C-8",
307,,,,"G-4",1,,25,,,,,,,,,"C-9",
308,,,,"G-4",1,,25,,,,,,,,,"C-10",
309,,,,"G-1",1,,25,,,,,,,,,"D-1",
310,,,,"G-1",1,,25,,,,,,,,,"D-2",
311,,,,"G-2",1,,25,,,,,,,,,"D-3",
312,,,,"G-2",1,,25,,,,,,,,,"D-4",
313,,,,"G-2",1,,25,,,,,,,,,"D-5",
314,,,,"G-2",1,,25,,,,,,,,,"D-6",
315,9,,1,"CP-1",1,,25,,,,,,,"NS",,"H-1",
316,9,,1,"CP-2",1,,25,,,,,,,"NS",,"H-2",
317,9,,1,"CP-3",1,,25,,,,,,,"NS",,"H-3",
318,9,,1,"CP-4",1,,25,,,,,,,"NS",,"H-4",
319,9,,1,"CP-5",1,,25,,,,,,,"NS",,"H-5",
320,9,,1,"CP-6",1,,25,,,,,,,"NS",,"H-6",
321,9,,1,"CP-7",1,,25,,,,,,,"NS",,"H-7",
322,9,,1,"CP-8",1,,25,,,,,,,"NS",,"H-8",
323,9,,1,"CP-9",1,,25,,,,,,,"NS",,"H-9",
324,9,,1,"CP-10",1,,25,,,,,,,"NS",,"H-10",
325,4,,1,"EP-1",1,,27,,,,,,,"NS",,"A-2",
326,4,,1,"EP-7",1,,27,,,,,,,"NS",,"A-3",
327,4,,1,"EP-10",1,,27,,,,,,,"NS",,"A-4",
328,4,,1,"EP-19",1,,27,,,,,,,"NS",,"A-5",
329,4,,1,"EP-30",1,,27,,,,,,,"NS",,"A-6",
330,4,,1,"EP-26",1,,27,,,,,,,"NS",,"A-7",
331,4,,1,"EP-17",1,,27,,,,,,,"NS",,"A-6",
332,4,,1,"EP-37",1,,27,,,,,,,"NS",,"A-9",
333,4,,1,"EP-18",1,,27,,,,,,,"NS",,"B-2",
334,4,,1,"EP-20",1,,27,,,,,,,"NS",,"B-3",
335,4,,1,"EP-25",1,,27,,,,,,,"NS",,"B-4",
336,4,,1,"EP-37",1,,27,,,,,,,"NS",,"C-2",
337,9,,1,"CP-11",1,,25,,,,,,,"NS",,"I-1",
338,9,,1,"CP-12",1,,25,,,,,,,"NS",,"I-2",
339,9,,1,"CP-13",1,,25,,,,,,,"NS",,"I-3",
340,9,,1,"CP-14",1,,25,,,,,,,"NS",,"I-4",
341,9,,1,"CP-15",1,,25,,,,,,,"NS",,"I-5",
342,9,,1,"CP-16",1,,25,,,,,,,"NS",,"I-6",
343,9,,1,"CP-17",1,,25,,,,,,,"NS",,"I-7",
344,9,,1,"CP-18",1,,25,,,,,,,"NS",,"I-8",
345,9,,1,"CP-19",1,,25,,,,,,,"NS",,"I-9",
346,9,,1,"CP-20",1,,25,,,,,,,"NS",,"I-10",
347,4,,2,"Pcas-rec-AB in top-10",1,,27,,,,,,,"Pcas-rec-AB in top-10",,"E-3",
349,1,,1,"MR-3",1,,15,,,,,,,"NS",,"A-1",
350,1,,1,"MR-6",1,,15,,,,,,,"NS",,"A-2",
351,1,,1,"MR-12",1,,15,,,,,,,"NS",,"A-3",
352,1,,1,"MR-10",1,,15,,,,,,,"NS",,"A-4",
353,1,,1,"MR-9",1,,15,,,,,,,"NS",,"A-5",
354,1,,1,"MR-2",1,,15,,,,,,,"NS",,"A-6",
355,1,,1,"MR-8",1,,15,,,,,,,"NS",,"A-7",
356,1,,1,"MR-1",1,,15,,,,,,,"NS",,"A-8",
357,1,,1,"MR-5",1,,15,,,,,,,"NS",,"A-9",
358,1,,1,"MR-13",1,,15,,,,,,,"NS",,"A-10",
359,1,,1,"MR-7",1,,15,,,,,,,"NS",,"B-1",
360,1,,1,"MR-11",1,,15,,,,,,,"NS",,"B-2",
361,1,,1,"MR-14",1,,15,,,,,,,"NS",,"B-3",
362,1,,1,"MR-4",1,,15,,,,,,,"NS",,"B-4",
363,1,,1,"MR-15",1,,15,,,,,,,"NS",,"B-5",
364,1,,1,"MSSA-5",1,,15,,,,,,,"NS",,"B-6",
365,1,,1,"MSSA-6",1,,15,,,,,,,"NS",,"B-7",
366,1,,1,"MSSA-4",1,,15,,,,,,,"NS",,"B-8",
367,1,,1,"MR-30",1,,15,,,,,,,"NS",,"B-10",
368,4,,2,"Mel-Pet289 DH5-a",1,,15,,,,,,,"Mel-Pet289 in DH5-a",,"C-1",
369,4,,2,"M-7-top-10",1,,15,,,,,,,"M-7- in top-10",,"C-2",
370,4,,1,"top-10-cells",1,,15,,,,,,,"TOP10 cells",,"C-3",
371,1,,1,"MSSA-1",1,,15,,,,,,,"NS",,"C-4",
372,1,,1,"MR-14",1,,15,,,,,,,"NS",,"C-5",
373,1,,1,"MR-29",1,,15,,,,,,,"NS",,"C-6",
374,1,,1,"MR-28",1,,15,,,,,,,"NS",,"C-7",
375,1,,1,"MR-10",1,,15,,,,,,,"NS",,"C-8",
376,1,,1,"MSSA",1,,15,,,,,,,"NS",,"C-9",
377,1,,,"MSSA-2",1,,15,,,,,,,"NS",,"C-10",
378,1,,,"MR-10",1,,15,,,,,,,"NS",,"D-1",
379,1,,,"MR-14",1,,15,,,,,,,"NS",,"D-6",
380,1,,,"MR-10",1,,15,,,,,,,"NS",,"D-3",
381,1,,,"MR-27",1,,15,,,,,,,"NS",,"D-4",
382,1,,,"MR-14",1,,15,,,,,,,"NS",,"D-7",
383,,,,"16s-rt clone plas",1,,8,,,,,,,,,"A-1",
384,,,,"16s-rt-clone plas",1,,8,,,,,,,,,"A-2",
385,,,,"16s-rt-clone plas",1,,8,,,,,,,,,"A-3",
386,,,,"S.typhinum-rt-clone",1,,8,,,,,,,,,"A-4",
387,,,,"S.typhinum-rt-clone",1,,8,,,,,,,,,"A-5",
388,,,,"E.coli-rt-clone",1,,8,,,,,,,,,"A-6",
389,,,,"E.coli-rt-clone",1,,8,,,,,,,,,"A-7",
390,,,,"Entreritidus-rt-clone",1,,8,,,,,,,,,"A-8",
391,,,,"Enteritidus-rt-clone",1,,8,,,,,,,,,"A-9",
392,,,,"Clos-rt-clone",1,,8,,,,,,,,,"B-1",
393,,,,"Clos-rt-plas",1,,8,,,,,,,,,"B-2",
394,,,,"Clos-rt-plas",1,,8,,,,,,,,,"B-3",
395,4,,1,"E.coli",1,,8,,,,,,,"NS",,"B-4",
396,4,,1,"E.coli",1,,8,,,,,,,"NS",,"B-5",
397,4,,1,"E.coli",1,,8,,,,,,,"NS",,"B-6",
398,3,,1,"SG",1,,8,,,,,,,"NS",,"B-7",
399,3,,1,"SG",1,,8,,,,,,,"NS",,"B-8",
400,5,,1,"SSP",1,,8,,,,,,,"NS",,"B-9",
401,5,,1,"SSP",1,,8,,,,,,,"NS",,"C-2",
402,5,,1,"SG",1,,8,,,,,,,"NS",,"C-3",
403,5,,1,"SG",1,,8,,,,,,,"NS",,"C-4",
404,5,,1,"SSP",1,,8,,,,,,,"NS",,"C-5",
405,5,,1,"SSP",1,,8,,,,,,,"NS",,"C-6",
406,5,,1,"SSP",1,,8,,,,,,,"NS",,"C-7",
407,3,,2,"?-SG",1,,8,,,,,,,"deleted strain",,"C-8",
408,3,,2,"?-SG",1,,8,,,,,,,"deleted strain",,"C-9",
409,3,,2,"?SG",1,,8,,,,,,,"deleted strain",,"D-1",
410,4,,2,"SGP-9-rt-clone",1,,8,,,,,,,"SGP-9 region cloned in TOP10 for RT",,"D-2",
411,4,,2,"SG-13-rt-clone",1,,8,,,,,,,"SG-13 region cloned in TOP10 for RT",,"D-3",
412,4,,2,"FP-clone",1,,8,,,,,,,,,"D-4",
413,4,,2,"Scr-rt-clone",1,,8,,,,,,,"Scr region cloned in TOP-10 for RT",,"D-5",
414,4,,2,"SG-13-rt-clone",1,,8,,,,,,,"SG-13 region cloned in TOP10 for RT",,"D-6",
415,4,,2,"SG-9-rt-clone",1,,8,,,,,,,"SG-9 region cloned in TOP10 for RT",,"D-7",
416,4,,2,"SG-13-rt-clone",1,,8,,,,,,,"SG13 region cloned in TOP10 for RT",,"D-9",
417,4,,2,"SG-13-clone",1,,8,,,,,,,,,"E-3",
418,2,,,"PA9",1,,28,,,,,,,"NS",,"A-1",
419,2,,,"PA9",1,,28,,,,,,,"NS",,"A-1",
420,2,,,"PA9",1,,28,,,,,,,"NS",,"A-2",
421,2,,,"PA31",1,,28,,,,,,,"NS",,"A-3",
422,2,,,"PA31",1,,28,,,,,,,"NS",,"A-4",
423,2,,,"17",1,,28,,,,,,,"NS",,"A-5",
424,2,,,"32",1,,28,,,,,,,"NS",,"A-6",
425,,,,"32",1,,28,,,,,,,,,"A-7",
426,,,,"17",1,,28,,,,,,,,,"A-8",
427,,,,"22",1,,28,,,,,,,,,"A-9",
428,,,,"23",1,,28,,,,,,,,,"A-10",
429,,,,"18",1,,28,,,,,,,,,"B-1",
430,,,,"33",1,,28,,,,,,,,,"B-2",
431,,,,"19",1,,28,,,,,,,,,"B-3",
432,,,,"19",1,,28,,,,,,,,,"B-4",
433,,,,"35",1,,28,,,,,,,,,"B-5",
434,,,,"23",1,,28,,,,,,,,,"B-6",
435,,,,"24",1,,28,,,,,,,,,"B-7",
436,,,,"27",1,,28,,,,,,,,,"B-8",
437,,,,"27",1,,28,,,,,,,,,"B-9",
438,,,,"21",1,,28,,,,,,,,,"B-10",
439,,,,"21",1,,28,,,,,,,,,"C-1",
440,,,,"PA22",1,,28,,,,,,,,,"C-2",
441,,,,"PA18",1,,28,,,,,,,,,"C-3",
442,,,,"35",1,,28,,,,,,,,,"C-4",
443,,,,"38",1,,28,,,,,,,,,"C-5",
444,,,,"38",1,,28,,,,,,,,,"C-6",
445,,,,"23",1,,28,,,,,,,,,"C-7",
446,,,,"23",1,,28,,,,,,,,,"C-8",
447,,,,"23",1,,28,,,,,,,,,"C-9",
448,,,,"24",1,,28,,,,,,,,,"C-10",
449,,,,"PA19",1,,28,,,,,,,,,"D-1",
450,,,,"P1",1,,28,,,,,,,,,"D-2",
451,,,,"S1A",1,,56,,,,,,,,,"A-1",
452,,,,"1B",1,,56,,,,,,,,,"A-2",
453,,,,"1C",1,,56,,,,,,,,,"A-3",
454,,,,"1B",1,,56,,,,,,,,,"A-4",
455,,,,"1B",1,,56,,,,,,,,,"A-7",
456,,,,"1C",1,,56,,,,,,,,,"A-8",
457,,,,"2A",1,,56,,,,,,,,,"B-1",
458,,,,"2B",1,,56,,,,,,,,,"B-2",
459,,,,"2C",1,,56,,,,,,,,,"B-3",
460,,,,"2D",1,,56,,,,,,,,,"B-4",
461,,,,"3B",1,,56,,,,,,,,,"B-7",
462,,,,"3C",1,,56,,,,,,,,,"B-8",
463,,,,"5A",1,,56,,,,,,,,,"C-1",
464,,,,"5B",1,,56,,,,,,,,,"C-2",
465,,,,"5C",1,,56,,,,,,,,,"C-3",
466,,,,"5D",1,,56,,,,,,,,,"C-4",
467,,,,"6B",1,,56,,,,,,,,,"C-7",
468,,,,"6C",1,,56,,,,,,,,,"C-8",
469,,,,"6A",1,,56,,,,,,,,,"D-1",
470,,,,"6B",1,,56,,,,,,,,,"D-2",
471,,,,"6C",1,,56,,,,,,,,,"D-3",
472,,,,"6D",1,,56,,,,,,,,,"D-4",
473,,,,"4B",1,,56,,,,,,,,,"D-7",
474,,,,"2B",1,,56,,,,,,,,,"D-8",
475,,,,"7A",1,,56,,,,,,,,,"E-1",
476,,,,"7B",1,,56,,,,,,,,,"E-2",
477,,,,"7C",1,,56,,,,,,,,,"E-3",
478,,,,"7D",1,,56,,,,,,,,,"E-4",
479,,,,"11B",1,,56,,,,,,,,,"E-7",
480,,,,"7B",1,,56,,,,,,,,,"E-8",
481,,,,"9A",1,,56,,,,,,,,,"F-1",
482,,,,"9B",1,,56,,,,,,,,,"F-2",
483,,,,"9C",1,,56,,,,,,,,,"F-3",
484,,,,"9D",1,,56,,,,,,,,,"F-4",
485,,,,"4C",1,,56,,,,,,,,,"F-7",
486,,,,"7C",1,,56,,,,,,,,,"F-8",
487,,,,"10A",1,,56,,,,,,,,,"G-1",
488,,,,"10B",1,,56,,,,,,,,,"G-2",
489,,,,"10C",1,,56,,,,,,,,,"G-3",
490,,,,"10D",1,,56,,,,,,,,,"G-4",
491,,,,"11C",1,,56,,,,,,,,,"G-7",
492,,,,"2C",1,,56,,,,,,,,,"G-8",
493,,,,"2B",1,,56,,,,,,,,,"G-9",
494,,,,"8B",1,,56,,,,,,,,,"H-7",
495,,,,"5C",1,,56,,,,,,,,,"H-8",
496,,,,"8C",1,,56,,,,,,,,,"H-9",
497,1,,,"702G",1,,55,,,,,,,,,"A-1",
498,1,,,"MMR-28G",1,,55,,,,,,,"NS",,"A-2",
499,1,,,"MR-21G",1,,55,,,,,,,"NS",,"A-3",
500,1,,,"MR-20G",1,,55,,,,,,,"NS",,"A-4",
501,1,,,"741G",1,,55,,,,,,,,,"A-5",
502,1,,,"MR-18G",1,,55,,,,,,,"NS",,"A-6",
503,1,,,"MR-27",1,,55,,,,,,,"NS",,"A-7",
504,1,,,"MR-29",1,,55,,,,,,,"NS",,"A-8",
505,1,,,"MR-61G",1,,55,,,,,,,"NS",,"A-9",
506,1,,,"744G",1,,55,,,,,,,,,"A-10",
507,1,,,"MR-12",1,,55,,,,,,,"NS",,"C-1",
508,1,,,"MR-19",1,,55,,,,,,,"NS",,"C-2",
509,1,,,"staph 3",1,,55,,,,,,,"NS",,"C-3",
510,1,,,"MR-11",1,,55,,,,,,,"NS",,"C-4",
511,1,,,"MR-13",1,,55,,,,,,,"NS",,"C-5",
512,1,,,"SA2G",1,,55,,,,,,,,,"C-6",
513,1,,,"MR-30",1,,55,,,,,,,"NS",,"C-7",
514,1,,,"MR-28",1,,55,,,,,,,"NS",,"C-8",
515,1,,,"MR-15",1,,55,,,,,,,"NS",,"C-9",
516,1,,,"743G",1,,55,,,,,,,,,"C-10",
517,1,,,"703G",1,,55,,,,,,,,,"E-1",
518,1,,,"MR17",1,,55,,,,,,,"NS",,"E-2",
519,,,,"A1",1,,58,,,,,,,,,"A-1",
520,,,,"A1",1,,58,,,,,,,,,"A-2",
521,,,,"A1",1,,58,,,,,,,,,"A-3",
522,,,,"A1",1,,58,,,,,,,,,"A-4",
523,,,,"A1",1,,58,,,,,,,,,"A-5",
524,,,,"A4",1,,58,,,,,,,,,"A-6",
525,,,,"A4",1,,58,,,,,,,,,"A-7",
526,,,,"A4",1,,58,,,,,,,,,"A-8",
527,,,,"A4",1,,58,,,,,,,,,"A-9",
528,,,,"A4",1,,58,,,,,,,,,"A-10",
529,,,,"A13",1,,58,,,,,,,,,"B-1",
530,,,,"A13",1,,58,,,,,,,,,"B-2",
531,,,,"A13",1,,58,,,,,,,,,"B-3",
532,,,,"A13",1,,58,,,,,,,,,"B-4",
533,,,,"A13",1,,58,,,,,,,,,"B-5",
534,,,,"A14",1,,58,,,,,,,,,"B-6",
535,,,,"A14",1,,58,,,,,,,,,"B-7",
536,,,,"A14",1,,58,,,,,,,,,"B-8",
537,,,,"A14",1,,58,,,,,,,,,"B-9",
538,,,,"A14",1,,58,,,,,,,,,"B-10",
539,,,,"A16",1,,58,,,,,,,,,"C-2",
540,,,,"A16",1,,58,,,,,,,,,"C-3",
541,,,,"A16",1,,58,,,,,,,,,"C-4",
542,,,,"A16",1,,58,,,,,,,,,"C-5",
543,,,,"A17",1,,58,,,,,,,,,"C-6",
544,,,,"A17",1,,58,,,,,,,,,"C-7",
545,,,,"A17",1,,58,,,,,,,,,"C-8",
546,,,,"A17",1,,58,,,,,,,,,"C-9",
547,,,,"A17",1,,58,,,,,,,,,"C-10",
548,,,,"A18",1,,58,,,,,,,,,"D-1",
549,,,,"A18",1,,58,,,,,,,,,"D-2",
550,,,,"A18",1,,58,,,,,,,,,"D-3",
551,,,,"A18",1,,58,,,,,,,,,"D-4",
552,,,,"A18",1,,58,,,,,,,,,"D-5",
553,,,,"JH16",1,,58,,,,,,,,,"D-6",
554,,,,"JH16",1,,58,,,,,,,,,"D-7",
555,,,,"JH16",1,,58,,,,,,,,,"D-8",
556,,,,"JH16",1,,58,,,,,,,,,"D-9",
557,,,,"JH16",1,,58,,,,,,,,,"D-10",
558,,,,"71",1,,95,,,,,,,,,"C-1",
559,,,,"72",1,,95,,,,,,,,,"C-2",
560,,,,"73",1,,95,,,,,,,,,"C-3",
561,,,,"74",1,,95,,,,,,,,,"C-4",
562,,,,"70",1,,95,,,,,,,,,"C-5",
563,,,,"61",1,,95,,,,,,,,,"D-1",
564,,,,"62",1,,95,,,,,,,,,"D-2",
565,,,,"63",1,,95,,,,,,,,,"D-3",
566,,,,"64",1,,95,,,,,,,,,"D-4",
567,,,,"65",1,,95,,,,,,,,,"D-5",
568,,,,"66",1,,95,,,,,,,,,"D-6",
569,,,,"67",1,,95,,,,,,,,,"D-7",
570,,,,"68",1,,95,,,,,,,,,"D-8",
571,,,,"69",1,,95,,,,,,,,,"D-9",
572,,,,"51",1,,95,,,,,,,,,"E-1",
573,,,,"52",1,,95,,,,,,,,,"E-2",
574,,,,"53",1,,95,,,,,,,,,"E-3",
575,,,,"54",1,,95,,,,,,,,,"E-4",
576,,,,"55",1,,95,,,,,,,,,"E-5",
577,,,,"56",1,,95,,,,,,,,,"E-6",
578,,,,"57",1,,95,,,,,,,,,"E-7",
579,,,,"58",1,,95,,,,,,,,,"E-8",
580,,,,"59",1,,95,,,,,,,,,"E-9",
581,,,,"60",1,,95,,,,,,,,,"E-10",
582,,,,"41",1,,95,,,,,,,,,"F-1",
583,,,,"42",1,,95,,,,,,,,,"F-2",
584,,,,"43",1,,95,,,,,,,,,"F-3",
585,,,,"44",1,,95,,,,,,,,,"F-4",
586,,,,"45",1,,95,,,,,,,,,"F-5",
587,,,,"46",1,,95,,,,,,,,,"F-6",
588,,,,"47",1,,95,,,,,,,,,"F-7",
589,,,,"48",1,,95,,,,,,,,,"F-8",
590,,,,"49",1,,95,,,,,,,,,"F-9",
591,,,,"50",1,,95,,,,,,,,,"F-10",
592,,,,"31",1,,95,,,,,,,,,"G-1",
593,,,,"32",1,,95,,,,,,,,,"G-2",
594,,,,"33",1,,95,,,,,,,,,"G-3",
595,,,,"34",1,,95,,,,,,,,,"G-4",
596,,,,"35",1,,95,,,,,,,,,"G-5",
597,,,,"36",1,,95,,,,,,,,,"G-6",
598,,,,"37",1,,95,,,,,,,,,"G-7",
599,,,,"38",1,,95,,,,,,,,,"G-8",
600,,,,"39",1,,95,,,,,,,,,"G-9",
601,,,,"40",1,,95,,,,,,,,,"G-10",
602,,,,"21",1,,95,,,,,,,,,"H-1",
603,,,,"22",1,,95,,,,,,,,,"H-2",
604,,,,"23",1,,95,,,,,,,,,"H-3",
605,,,,"24",1,,95,,,,,,,,,"H-4",
606,,,,"25",1,,95,,,,,,,,,"H-5",
607,,,,"26",1,,95,,,,,,,,,"H-6",
608,,,,"27",1,,95,,,,,,,,,"H-7",
609,,,,"28",1,,95,,,,,,,,,"H-8",
610,,,,"29",1,,95,,,,,,,,,"H-9",
611,,,,"30",1,,95,,,,,,,,,"H-10",
612,,,,"11",1,,95,,,,,,,,,"I-1",
613,,,,"12",1,,95,,,,,,,,,"I-2",
614,,,,"13",1,,95,,,,,,,,,"I-3",
615,,,,"14",1,,95,,,,,,,,,"I-4",
616,,,,"15",1,,95,,,,,,,,,"I-5",
617,,,,"16",1,,95,,,,,,,,,"I-6",
618,,,,"17",1,,95,,,,,,,,,"I-7",
619,,,,"18",1,,95,,,,,,,,,"I-8",
620,,,,"19",1,,95,,,,,,,,,"I-9",
621,,,,"20",1,,95,,,,,,,,,"I-10",
622,,,,"1",1,,95,,,,,,,,,"J-1",
623,,,,"2",1,,95,,,,,,,,,"J-2",
624,,,,"3",1,,95,,,,,,,,,"J-3",
625,,,,"4",1,,95,,,,,,,,,"J-4",
626,,,,"5",1,,95,,,,,,,,,"J-5",
627,,,,"6",1,,95,,,,,,,,,"J-6",
628,,,,"7",1,,95,,,,,,,,,"J-7",
629,,,,"8",1,,95,,,,,,,,,"J-8",
630,,,,"9",1,,95,,,,,,,,,"J-9",
631,,,,"10",1,,95,,,,,,,,,"J-10",
632,,,,"SGP13 Hol",1,,20,,,,,,,,,"A-2",
633,,,,"SGP-13 Hol BL-21 Top-10",1,,20,,,,,,,,,"A-4",
634,,,,"SGP-13 Hol-BL-21",1,,20,,,,,,,,,"A-5",
635,,,,"SGP-13 Spanin BL-21",1,,20,,,,,,,,,"A-6",
636,,,,"SGP-13 Hol-pet-28 BL21",1,,20,,,,,,,,,"A-7",
637,,,,"Hol-SGP-13",1,,20,,,,,,,,,"A-8",
638,,,,"Hol-SGP-13",1,,20,,,,,,,,,"A-9",
639,,,,"Hol-SGP-13",1,,20,,,,,,,,,"A-10",
640,,,,"Hol",1,,20,,,,,,,,,"B-1",
641,,,,"Hol",1,,20,,,,,,,,,"B-2",
642,,,,"Hol",1,,20,,,,,,,,,"B-3",
643,,,,"Spanin",1,,20,,,,,,,,,"B-5",
644,,,,"RL-End-pet-28-BL21",1,,20,,,,,,,,,"B-6",
645,,,,"pet-28",1,,20,,,,,,,,,"B-7",
646,,,,"BL-21-Hol",1,,20,,,,,,,,,"B-8",
647,,,,"pet-28",1,,20,,,,,,,,,"B-9",
648,,,,"Hol-BL-21",1,,20,,,,,,,,,"B-10",
649,,,,"Spanin",1,,20,,,,,,,,,"C-1",
650,,,,"RL-Endo",1,,20,,,,,,,,,"C-2",
651,,,,"Spanin",1,,20,,,,,,,,,"C-3",
652,,,,"SP",1,,20,,,,,,,,,"C-4",
653,,,,"End-RL",1,,20,,,,,,,,,"C-5",
654,,,,"pet-28",1,,20,,,,,,,,,"C-6",
655,,,,"End-BL-21",1,,20,,,,,,,,,"C-7",
656,,,,"S1",1,,115,,,,,,,,,"A-1",
657,,,,"S1",1,,115,,,,,,,,,"A-2",
658,,,,"S2",1,,115,,,,,,,,,"A-3",
659,,,,"S2",1,,115,,,,,,,,,"A-4",
660,,,,"S5",1,,115,,,,,,,,,"A-5",
661,,,,"S5",1,,115,,,,,,,,,"A-6",
662,,,,"S6",1,,115,,,,,,,,,"A-7",
663,,,,"S6",1,,115,,,,,,,,,"A-8",
664,,,,"S7",1,,115,,,,,,,,,"A-9",
665,,,,"S7",1,,115,,,,,,,,,"A-10",
666,,,,"S9",1,,115,,,,,,,,,"B-1",
667,,,,"S9",1,,115,,,,,,,,,"B-2",
668,,,,"S10",1,,115,,,,,,,,,"B-3",
669,,,,"S10",1,,115,,,,,,,,,"B-4",
670,,,,"S32",1,,115,,,,,,,,,"B-5",
671,,,,"S32",1,,115,,,,,,,,,"B-6",
672,,,,"S32",1,,115,,,,,,,,,"B-7",
673,,,,"S33",1,,115,,,,,,,,,"B-8",
674,,,,"S33",1,,115,,,,,,,,,"B-9",
675,,,,"S33",1,,115,,,,,,,,,"B-10",
676,,,,"S29",1,,115,,,,,,,,,"C-1",
677,,,,"S29",1,,115,,,,,,,,,"C-2",
678,,,,"S29",1,,115,,,,,,,,,"C-3",
679,,,,"S30",1,,115,,,,,,,,,"C-4",
680,,,,"S30",1,,115,,,,,,,,,"C-5",
681,,,,"S30",1,,115,,,,,,,,,"C-6",
682,,,,"S31",1,,115,,,,,,,,,"C-7",
683,,,,"S31",1,,115,,,,,,,,,"C-8",
684,,,,"S31",1,,115,,,,,,,,,"C-9",
685,,,,"S11",1,,115,,,,,,,,,"D-1",
686,,,,"S11",1,,115,,,,,,,,,"D-2",
687,,,,"S11",1,,115,,,,,,,,,"D-3",
688,,,,"S12",1,,115,,,,,,,,,"D-4",
689,,,,"S12",1,,115,,,,,,,,,"D-2",
690,,,,"S11",1,,115,,,,,,,,,"D-3",
691,,,,"S12",1,,115,,,,,,,,,"D-4",
692,,,,"S12",1,,115,,,,,,,,,"D-5",
693,,,,"S12",1,,115,,,,,,,,,"D-6",
694,,,,"S13",1,,115,,,,,,,,,"D-7",
695,,,,"S13",1,,115,,,,,,,,,"D-8",
696,,,,"S13",1,,115,,,,,,,,,"D-9",
697,,,,"S14",1,,115,,,,,,,,,"E-1",
698,,,,"S14",1,,115,,,,,,,,,"E-2",
699,,,,"S14",1,,115,,,,,,,,,"E-3",
700,,,,"S15",1,,115,,,,,,,,,"E-4",
701,,,,"S15",1,,115,,,,,,,,,"E-5",
702,,,,"S15",1,,115,,,,,,,,,"E-6",
703,,,,"S16",1,,115,,,,,,,,,"E-7",
704,,,,"S16",1,,115,,,,,,,,,"E-8",
705,,,,"S16",1,,115,,,,,,,,,"E-9",
706,,,,"S17",1,,115,,,,,,,,,"F-1",
707,,,,"S17",1,,115,,,,,,,,,"F-2",
708,,,,"S17",1,,115,,,,,,,,,"F-3",
709,,,,"S18",1,,115,,,,,,,,,"F-4",
710,,,,"S18",1,,115,,,,,,,,,"F-5",
711,,,,"S18",1,,115,,,,,,,,,"F-6",
712,,,,"S19",1,,115,,,,,,,,,"F-7",
713,,,,"S19",1,,115,,,,,,,,,"F-8",
714,,,,"S19",1,,115,,,,,,,,,"F-9",
715,,,,"S20",1,,115,,,,,,,,,"G-1",
716,,,,"S20",1,,115,,,,,,,,,"G-2",
717,,,,"S20",1,,115,,,,,,,,,"G-3",
718,,,,"S21",1,,115,,,,,,,,,"G-4",
719,,,,"S21",1,,115,,,,,,,,,"G-5",
720,,,,"S21",1,,115,,,,,,,,,"G-6",
721,,,,"S22",1,,115,,,,,,,,,"G-7",
722,,,,"S22",1,,115,,,,,,,,,"G-8",
723,,,,"S22",1,,115,,,,,,,,,"G-9",
724,,,,"S23",1,,115,,,,,,,,,"H-1",
725,,,,"S23",1,,115,,,,,,,,,"H-2",
726,,,,"S23",1,,115,,,,,,,,,"H-3",
727,,,,"S24",1,,115,,,,,,,,,"H-4",
728,,,,"S24",1,,115,,,,,,,,,"H-5",
729,,,,"S24",1,,115,,,,,,,,,"H-6",
730,,,,"S25",1,,115,,,,,,,,,"H-7",
731,,,,"S25",1,,115,,,,,,,,,"H-8",
732,,,,"S25",1,,115,,,,,,,,,"H-9",
733,,,,"S26",1,,56,,,,,,,,,"I-1",
734,,,,"S26",1,,56,,,,,,,,,"I-2",
735,,,,"S26",1,,56,,,,,,,,,"I-3",
736,,,,"S27",1,,56,,,,,,,,,"I-4",
737,,,,"S27",1,,56,,,,,,,,,"I-5",
738,,,,"S27",1,,56,,,,,,,,,"I-6",
739,,,,"S28",1,,56,,,,,,,,,"I-7",
740,,,,"S28",1,,56,,,,,,,,,"I-8",
741,,,,"S28",1,,56,,,,,,,,,"I-9",
742,,,,"SG-18",1,,10,,,,,,,,,"C-7",
743,,,,"SG-18",1,,10,,,,,,,,,"C-9",
744,,,,"Top-10",1,,109,,,,,,,,,"A-1",
745,,,,"Top-10",1,,109,,,,,,,,,"A-2",
746,,,,"Top-10",1,,109,,,,,,,,,"A-3",
747,,,,"BL-21",1,,109,,,,,,,,,"A-4",
748,,,,"Top-10",1,,109,,,,,,,,,"A-5",
749,,,,"BL-21",1,,109,,,,,,,,,"A-6",
750,,,,"Top-10",1,,109,,,,,,,,,"B-1",
751,,,,"Endo-p1-top-10",1,,109,,,,,,,,,"B-2",
752,,,,"Endo",1,,109,,,,,,,,,"B-3",
753,,,,"?-red-SG",1,,109,,,,,,,,,"B-4",
754,,,,"?-red-SG",1,,109,,,,,,,,,"B-5",
755,,,,"?-red-SG",1,,109,,,,,,,,,"B-6",
756,,,,"BL-21",1,,109,,,,,,,,,"B-7",
757,,,,"BL-21",1,,109,,,,,,,,,"B-8",
758,,,,"BL-21",1,,109,,,,,,,,,"B-9",
759,,,,"BL-21",1,,109,,,,,,,,,"B-10",
760,,,,"End-BL21",1,,109,,,,,,,,,"C-1",
761,,,,"End-BL21",1,,109,,,,,,,,,"C-2",
762,,,,"?-red-SG",1,,109,,,,,,,,,"C-3",
763,,,,"?-red-SG18",1,,109,,,,,,,,,"C-4",
764,,,,"?-red",1,,109,,,,,,,,,"C-5",
765,,,,"?-red-SG",1,,109,,,,,,,,,"C-6",
766,,,,"Endo",1,,109,,,,,,,,,"C-7",
767,,,,"Endo",1,,109,,,,,,,,,"C-8",
768,,,,"5(17)P",1,,109,,,,,,,,,"C-9",
769,,,,"5(18)BAC",1,,109,,,,,,,,,"F-1",
770,,,,"5(16)Bac",1,,109,,,,,,,,,"F-2",
771,,,,"5(17)-2 in Bac",1,,109,,,,,,,,,"F-3",
772,,,,"5(17) in Bac",1,,109,,,,,,,,,"F-4",
773,,,,"?-SG",1,,109,,,,,,,,,"F-5",
774,,,,"TOP-10",1,,109,,,,,,,,,"F-7",
775,,,,"CP16-in Bac",1,,109,,,,,,,,,"F-8",
777,,,,"RH-Hol",1,,44,,,,,,,,,"A-1",
778,,,,"ITTP-L Hol",1,,44,,,,,,,,,"A-3",
779,,,,"EL-ITTP",1,,44,,,,,,,,,"A-4",
780,,,,"Sap-L Hol",1,,44,,,,,,,,,"A-5",
781,,,,"Pet-28",1,,44,,,,,,,,,"A-6",
782,,,,"ITTPL",1,,44,,,,,,,,,"A-7",
783,,,,"EL-RL",1,,44,,,,,,,,,"A-8",
784,,,,"EL-CP1",1,,44,,,,,,,,,"A-9",
785,,,,"CP1-R6",1,,44,,,,,,,,,"B-2",
786,,,,"RL",1,,44,,,,,,,,,"B-3",
787,,,,"RL",1,,44,,,,,,,,,"B-3",
788,,,,"SG-19",1,,10,,,,,,,,,"A-1",
789,,,,"SG-29",1,,10,,,,,,,,,"A-2",
790,,,,"39",1,,10,,,,,,,,,"A-3",
791,,,,"SG-C",1,,10,,,,,,,,,"A-4",
792,,,,"?ssau-SG",1,,10,,,,,,,,,"A-5",
793,,,,"SGC",1,,10,,,,,,,,,"A-6",
794,,,,"?SPVB cured",1,,10,,,,,,,,,"A-7",
795,,,,"?ssau",1,,10,,,,,,,,,"A-8",
796,,,,"SAM-1",1,,3,,,,,,,,,"A-1",
797,,,,"SAM-1",1,,3,,,,,,,,,"A-2",
798,,,,"?SPVB-cured",1,,10,,,,,,,,,"B-1",
799,,,,"?ssau-cured",1,,10,,,,,,,,,"B-2",
800,,,,"DH5a",1,,3,,,,,,,,,"G-1",
801,,,,"DH5a",1,,3,,,,,,,,,"F-4",
802,,,,"Entrobacter",1,,3,,,,,,,,,"F-6",
803,,,,"SAM-5",1,,3,,,,,,,,,"A-3",
804,,,,"SAM-4",1,,3,,,,,,,,,"A-4",
805,,,,"SAM-3",1,,3,,,,,,,,,"A-5",
806,,,,"SAM-2",1,,3,,,,,,,,,"A-6",
807,,,,"SAM-20",1,,3,,,,,,,,,"A-7",
808,,,,"SADAI",1,,3,,,,,,,,,"A-8",
809,,,,"SADAR",1,,3,,,,,,,,,"A-9",
810,,,,"SAM-4",1,,3,,,,,,,,,"A-10",
811,,,,"SAM5",1,,3,,,,,,,,,"B-1",
812,,,,"SAM2D",1,,3,,,,,,,,,"B-2",
813,,,,"SAM21",1,,3,,,,,,,,,"B-3",
814,,,,"SAM12",1,,3,,,,,,,,,"B-4",
815,,,,"SAM7",1,,3,,,,,,,,,"B-5",
816,,,,"SAM1",1,,3,,,,,,,,,"B-6",
817,,,,"SADHS",1,,3,,,,,,,,,"B-7",
818,,,,"SADRR",1,,3,,,,,,,,,"B-8",
819,,,,"SAM2",1,,3,,,,,,,,,"B-9",
820,,,,"SAM10",1,,3,,,,,,,,,"B-10",
821,,,,"SADAR",1,,3,,,,,,,,,"C-1",
822,,,,"SADARP",1,,3,,,,,,,,,"C-2",
823,,,,"SADHY",1,,3,,,,,,,,,"C-3",
824,,,,"SADHY",1,,3,,,,,,,,,"C-4",
825,,,,"SADHY",1,,3,,,,,,,,,"C-4",
826,,,,"SAM-3",1,,3,,,,,,,,,"C-5",
827,,,,"SAM-12",1,,3,,,,,,,,,"C-6",
828,,,,"SADHS",1,,3,,,,,,,,,"C-7",
829,,,,"SADRP",1,,3,,,,,,,,,"C-8",
830,,,,"D3L",1,,3,,,,,,,,,"C-9",
831,,,,"D4Y",1,,3,,,,,,,,,"D-1",
832,,,,"DRP",1,,3,,,,,,,,,"D-2",
833,,,,"SAM7",1,,3,,,,,,,,,"D-3",
834,,,,"D4W",1,,3,,,,,,,,,"D-4",
835,,,,"SADA1",1,,3,,,,,,,,,"D-5",
836,,,,"D4P",1,,3,,,,,,,,,"D-6",
837,,,,"SADRR",1,,3,,,,,,,,,"D-7",
838,,,,"D2M",1,,3,,,,,,,,,"D-8",
839,,,,"D2P",1,,3,,,,,,,,,"D-9",
840,,,,"BL-21",1,,111,,,,,,,,,"A-2",
841,,,,"BL-21",1,,111,,,,,,,,,"A-3",
842,4,,2,"BL-21 culture",1,,59,,,,,,,,,"D5,D6, E5, E6, E7, F5,F6,G5, G6",
843,4,,2,"Top 10 culture",1,,59,,,,,,,,,"D2,D3, E2, E3, F2,F3,G2,G3",
844,,,2,"T2C1-C BL21",1,,45,,,,,,,,,"A1",
845,,,2,"1ELB BL21",1,,45,,,,,,,,,"A3",
846,,,2,"1ELB BL21",1,,45,,,,,,,,,"A4",
847,,,2,"SSLA BL21",1,,45,,,,,,,,,"A5",
848,,,2,"WKP 37",1,,45,,,,,,,,,"A6",
849,,,2,"SSLA B21",1,,45,,,,,,,,,"B1",
850,,,2,"8890",1,,45,,,,,,,,,"B2",
851,,,2,"TOP10",1,,45,,,,,,,,,"B5",
852,,,2,"TOP10",1,,45,,,,,,,,,"B6",
853,,,2,"TOP10",1,,45,,,,,,,,,"B7",
854,,,2,"TOP10",1,,45,,,,,,,,,"B8",
855,,,2,"TOP10",1,,45,,,,,,,,,"B9",
856,,,2,"TOP10",1,,45,,,,,,,,,"B10",
857,,,2,"WKP 31 2FKPP-1",1,,45,,,,,,,,,"C1",
858,,,2,"TOP10",1,,45,,,,,,,,,"D1",
860,,,2,"TOP10",1,,45,,,,,,,,,"D2",
861,,,2,"TOP10",1,,45,,,,,,,,,"D3",
863,,,2,"TOP10",1,,45,,,,,,,,,"D4",
864,,,2,"TOP10",1,,45,,,,,,,,,"D5",
865,,,2,"TOP10",1,,45,,,,,,,,,"D6",
866,,,2,"BL21",1,,45,,,,,,,,,"G5",
867,,,2,"BL21",1,,45,,,,,,,,,"G7",
868,,,2,"T2CIC",1,,45,,,,,,,,,"H8",
869,,,2,"T2CIC",1,,45,,,,,,,,,"H9",
870,,,1,"T2CIC",1,,45,,,,,,,,,"H10",
871,,,2,"BL21",1,,45,,,,,,,,,"I1",
872,,,2,"T2CIC",1,,45,,,,,,,,,"I2",
873,,,2,"J2CIC",1,,45,,,,,,,,,"I4",
874,,,2,"J2CI-C",1,,45,,,,,,,,,"I5",
875,,,2,"J2CI-2",1,,45,,,,,,,,,"I6",
881,,,2,"AC 10",1,,47,,,,,,,,,"A1",
882,,,2,"AC15",1,,47,,,,,,,,,"A3",
883,,,2,"AC14",1,,47,,,,,,,,,"A4",
884,,,2,"TAC2",1,,47,,,,,,,,,"A7",
885,,,2,"F21",1,,47,,,,,,,,,"A8",
886,,,2,"1354",1,,47,,,,,,,,,"A9",
887,,,2,"AC13",1,,47,,,,,,,,,"A10",
888,,,2,"KPF",1,,47,,,,,,,,,"B1",
889,,,2,"KLEB.Du G",1,,47,,,,,,,,,"B2",
890,,,2,"AC28",1,,47,,,,,,,,,"B3",
892,,,2,"AC24",1,,47,,,,,,,,,"B4",
893,,,2,"AC17",1,,47,,,,,,,,,"B5",
894,,,2,"1354",1,,47,,,,,,,,,"B6",
895,,,2,"Entrieltis 49876",1,,47,,,,,,,,,"B7",
896,,,2,"E Coli 51721",1,,47,,,,,,,,,"B8",
897,,,2,"AC19",1,,47,,,,,,,,,"B9",
898,,,2,"ETRB",1,,47,,,,,,,,,"C1",
899,,,2,"AC27",1,,47,,,,,,,,,"C2",
900,,,2,"Kleb.P F",1,,47,,,,,,,,,"C3",
901,,,2,"K B1",1,,47,,,,,,,,,"C4",
902,,,2,"E Coli 50859",1,,47,,,,,,,,,"C5",
903,,,2,"KP 1 152",1,,47,,,,,,,,,"C6",
904,,,2,"A C 31",1,,47,,,,,,,,,"C7",
905,,,2,"AC16 120828",1,,47,,,,,,,,,"C8",
906,,,2,"AC5",1,,47,,,,,,,,,"C9",
907,,,2,"ETRA",1,,47,,,,,,,,,"D1",
908,,,2,"AC26",1,,47,,,,,,,,,"D2",
910,,,2,"KP3 1520",1,,47,,,,,,,,,"D3",
911,,,2,"BKP3",1,,47,,,,,,,,,"D4",
912,,,2,"EBI 151797",1,,47,,,,,,,,,"D5",
913,,,2,"AC25 142371",1,,47,,,,,,,,,"D6",
914,,,2,"AC24 140837",1,,47,,,,,,,,,"D7",
915,,,2,"F21 BK P4",1,,47,,,,,,,,,"D8",
916,,,2,"DH5 d",1,,47,,,,,,,,,"E1",
917,,,2,"KLEB 8968",1,,47,,,,,,,,,"E2",
918,,,2,"AC11",1,,47,,,,,,,,,"E4",
919,,,2,"F21",1,,47,,,,,,,,,"E5",
920,,,2,"2SKM",1,,47,,,,,,,,,"E6",
921,,,2,"AC3",1,,47,,,,,,,,,"E7",
922,,,2,"151193",1,,47,,,,,,,,,"E8",
923,,,2,"E CLOI C",1,,47,,,,,,,,,"F1",
924,,,2,"KPUSA",1,,47,,,,,,,,,"F3",
925,,,2,"ISKM",1,,47,,,,,,,,,"F4",
926,,,2,"AC1",1,,47,,,,,,,,,"F5",
927,,,2,"BK5",1,,47,,,,,,,,,"F6",
928,,,2,"AC12",1,,47,,,,,,,,,"F7",
929,,,2,"5192",1,,47,,,,,,,,,"F8",
930,,,2,"AC30",1,,47,,,,,,,,,"G1",
931,,,2,"AC18",1,,47,,,,,,,,,"G2",
932,,,2,"KP11",1,,47,,,,,,,,,"G3",
933,,,2,"AC2",1,,47,,,,,,,,,"G5",
934,,,2,"F21",1,,47,,,,,,,,,"G6",
935,,,2,"BC1",1,,47,,,,,,,,,"G7",
936,,,2,"KB3 138386",1,,47,,,,,,,,,"H1",
937,,,2,"BC1 151422",1,,47,,,,,,,,,"H2",
938,,,2,"PA3 151455",1,,47,,,,,,,,,"H3",
939,,,2,"5192",1,,47,,,,,,,,,"H4",
940,,,2,"AC23 136615",1,,47,,,,,,,,,"H5",
941,,,2,"KB2 137716",1,,47,,,,,,,,,"I1",
942,,,2,"KLEB 8973",1,,47,,,,,,,,,"I2",
943,,,2,"ISKM",1,,47,,,,,,,,,"I3",
944,,,2,"AC20 133584",1,,47,,,,,,,,,"I4",
945,,,2,"AC22 136027",1,,47,,,,,,,,,"I5",
946,,,2,"127KP",1,,47,,,,,,,,,"I6",
947,,,2,"KLEB 50688",1,,47,,,,,,,,,"I7",
948,,,2,"PSEEDO E",1,,47,,,,,,,,,"I8",
949,,,2,"KP2 152019",1,,47,,,,,,,,,"I9",
950,,,2,"AC21 132994",1,,47,,,,,,,,,"I10",
954,,,2,"WPT5",1,,46,,,,,,,,,"A4",
955,,,2,"WP7.6",1,,46,,,,,,,,,"A1",
956,,,2,"WPT.1",1,,46,,,,,,,,,"A2",
957,,,2,"WPT.4",1,,46,,,,,,,,,"A3",
958,,,2,"WKP 1",1,,46,,,,,,,,,"A5",
959,,,2,"WEB2 53.1",1,,46,,,,,,,,,"A6",
960,,,2,"WKP 3",1,,46,,,,,,,,,"A7",
961,,,2,"WKP 4",1,,46,,,,,,,,,"A8",
962,,,2,"WKP.15 97%",1,,46,,,,,,,,,"A9",
963,,,2,"WEB 3 58%",1,,46,,,,,,,,,"A10",
964,,,2,"WEB 94%",1,,46,,,,,,,,,"B1",
965,,,2,"WEB1 76%",1,,46,,,,,,,,,"B2",
966,,,2,"WKP 6",1,,46,,,,,,,,,"B3",
967,,,2,"WKP20 82%",1,,46,,,,,,,,,"B4",
968,,,2,"WKP14 API 97%",1,,46,,,,,,,,,"B5",
969,,,2,"WK9",1,,46,,,,,,,,,"B6",
970,,,2,"WKP27",1,,46,,,,,,,,,"B7",
971,,,2,"WKP19 86%",1,,46,,,,,,,,,"B8",
973,,,2,"WKO 2 95%",1,,46,,,,,,,,,"B9",
974,,,2,"WK22 82%",1,,46,,,,,,,,,"B10",
975,,,2,"WEB5 53%",1,,46,,,,,,,,,"C1",
976,,,2,"WKO 3 95%",1,,46,,,,,,,,,"C2",
977,,,2,"WKP7",1,,46,,,,,,,,,"C3",
978,,,2,"WKP 36",1,,46,,,,,,,,,"C4",
979,,,2,"WKP 28",1,,46,,,,,,,,,"C5",
981,,,2,"WKP30",1,,46,,,,,,,,,"C6",
982,,,2,"WKP 8",1,,46,,,,,,,,,"C7",
983,,,2,"WKP24",1,,46,,,,,,,,,"C8",
984,,,2,"WK01 98 %",1,,46,,,,,,,,,"C9",
985,,,2,"WKP 16 85%",1,,46,,,,,,,,,"C10",
986,,,2,"SERRITIA API 46%",1,,46,,,,,,,,,"D1",
987,,,2,"WPT 7 45%",1,,46,,,,,,,,,"D2",
988,,,2,"MORGANEELA 1",1,,46,,,,,,,,,"D3",
989,,,2,"WKP 29",1,,46,,,,,,,,,"D4",
990,,,2,"WKP34",1,,46,,,,,,,,,"D5",
991,,,2,"WKP 13 86%",1,,46,,,,,,,,,"D6",
992,,,2,"WKP5",1,,46,,,,,,,,,"D7",
993,,,2,"WKP 17 97%",1,,46,,,,,,,,,"D8",
994,,,2,"WKP 33",1,,46,,,,,,,,,,
995,,,2,"WKP 26",1,,46,,,,,,,,,"D10",
996,,,2,"WPT2 56%",1,,46,,,,,,,,,"E1",
997,,,2,"WPT 3 78%",1,,46,,,,,,,,,"E2",
998,,,2,"WKP 25",1,,46,,,,,,,,,"E3",
999,,,2,"CORONO BACTER",1,,46,,,,,,,,,"E4",
1000,,,2,"WKP 35",1,,46,,,,,,,,,"E5",
1002,,,2,"WKP 21 82%",1,,46,,,,,,,,,"E6",
1003,,,2,"WKP 17 97%",1,,46,,,,,,,,,"E7",
1004,,,2,"WEC 11 86%",1,,46,,,,,,,,,"E8",
1005,,,2,"WEC 12 86%",1,,46,,,,,,,,,"G1",
1006,,,2,"WEC 13 86%",1,,46,,,,,,,,,"G2",
1007,,,2,"WEC14 64%",1,,46,,,,,,,,,"G3",
1008,,,2,"WEC 15",1,,46,,,,,,,,,"G4",
1009,,,2,"WEC 16",1,,46,,,,,,,,,"G5",
1010,,,2,"WEC 17",1,,46,,,,,,,,,"G6",
1011,,,2,"WEC 18",1,,46,,,,,,,,,"G7",
1012,,,2,"WEC 1",1,,46,,,,,,,,,"G8",
1013,,,2,"WEC 6",1,,46,,,,,,,,,"G9",
1014,,,2,"WEC 7",1,,46,,,,,,,,,"G10",
1015,,,2,"WEC 4",1,,46,,,,,,,,,"H1",
1016,,,2,"WEC 2",1,,46,,,,,,,,,"H2",
1017,,,2,"WEC 3",1,,46,,,,,,,,,"H3",
1018,,,2,"WEC 9 99%",1,,46,,,,,,,,,"H4",
1019,,,2,"WEC 10 99%",1,,46,,,,,,,,,"H5",
1020,,,2,"WEC 8",1,,46,,,,,,,,,"H6",
1021,,,2,"WEC 5",1,,46,,,,,,,,,"H7",
1022,,,2,"WKP 2",1,,46,,,,,,,,,"H8",
1023,,,2,"WKP 31",1,,46,,,,,,,,,"H9",
1024,,,2,"WKP 32",1,,46,,,,,,,,,"H10",
1025,,,2,"WKP 23 83%",1,,46,,,,,,,,,"I1",
1026,,,2,"WKP 18 84%",1,,46,,,,,,,,,"I2",
1027,,,2,"WKP 11 82%",1,,46,,,,,,,,,"I3",
1028,,,2,"WKP12 86%",1,,46,,,,,,,,,"I4",
1029,,,2,"1",1,,106,,,,,,,,,"A1",
1030,,,2,"2",1,,106,,,,,,,,,"A2",
1031,,,2,"3",1,,106,,,,,,,,,"A3",
1032,,,2,"8",1,,106,,,,,,,,,"A4",
1033,,,2,"11",1,,106,,,,,,,,,"A5",
1035,,,2,"23",1,,106,,,,,,,,,"A6",
1036,,,2,"15",1,,106,,,,,,,,,"A7",
1037,,,2,"16",1,,106,,,,,,,,,"A8",
1038,,,2,"19",1,,106,,,,,,,,,"A9",
1039,,,2,"20",1,,106,,,,,,,,,"A10",
1040,,,2,"25A",1,,106,,,,,,,,,"B1",
1041,,,2,"25B",1,,106,,,,,,,,,"B2",
1042,,,2,"26",1,,106,,,,,,,,,"B3",
1043,,,2,"27A",1,,106,,,,,,,,,"B4",
1044,,,2,"27B",1,,106,,,,,,,,,"B5",
1045,,,2,"28",1,,106,,,,,,,,,"B6",
1046,,,2,"30",1,,106,,,,,,,,,"B7",
1047,,,2,"33",1,,106,,,,,,,,,"B8",
1048,,,2,"34",1,,106,"                       =u8i",,,,,,,,"B9",
1049,,,2,"12",1,,106,,,,,,,,,"B10",
1050,,,2,"80",1,,106,,,,,,,,,"C1",
1051,,,2,"79",1,,106,,,,,,,,,"C2",
1052,,,2,"36",1,,106,,,,,,,,,"C3",
1053,,,2,"37",1,,106,,,,,,,,,"C4",
1054,,,2,"32",1,,106,,,,,,,,,"C5",
1055,,,2,"92",1,,106,,,,,,,,,"C6",
1056,,,2,"101",1,,106,,,,,,,,,"C7",
1057,,,2,"59",1,,106,,,,,,,,,"C8",
1058,,,2,"125",1,,106,,,,,,,,,"C9",
1059,,,2,"42",1,,106,,,,,,,,,"C10",
1060,,,2,"49",1,,106,,,,,,,,,"D1",
1061,,,2,"52",1,,106,,,,,,,,,"D2",
1062,,,2,"54",1,,106,,,,,,,,,"D3",
1063,,,2,"40",1,,106,,,,,,,,,"D4",
1064,,,2,"63",1,,106,,,,,,,,,"D5",
1066,,,2,"90",1,,106,,,,,,,,,"D6",
1067,,,2,"47",1,,106,,,,,,,,,"D7",
1068,,,2,"69",1,,106,,,,,,,,,"D8",
1070,,,2,"46",1,,106,,,,,,,,,"D9",
1071,,,2,"97",1,,106,,,,,,,,,"D10",
1072,,,2,"107",1,,106,,,,,,,,,"E1",
1073,,,2,"85",1,,106,,,,,,,,,"E2",
1074,,,2,"122",1,,106,,,,,,,,,"E3",
1075,,,2,"89",1,,106,,,,,,,,,"E4",
1077,,,2,"110",1,,106,,,,,,,,,"E5",
1078,,,2,"111",1,,106,,,,,,,,,"E6",
1079,,,2,"120",1,,106,,,,,,,,,"E7",
1080,,,2,"115",1,,106,,,,,,,,,"E8",
1081,,,2,"18",1,,106,,,,,,,,,"E9",
1084,,,2,"TOP 10 CULTURE",1,,42,,,,,,,,,"A9",
1085,,,2,"TOP 10",1,,42,,,,,,,,,"A10",
1086,,,2,"COMPENT CELL TOP10",1,,42,,,,,,,,,"A2",
1087,,,2,"BL 21 CULTURE",1,,42,,,,,,,,,"A3",
1088,,,2,"BL 21",1,,116,,,,,,,,,"A1",
1089,,,2,"SH 3",1,,116,,,,,,,,,"A2",
1090,,,2,"SH 2",1,,116,,,,,,,,,"A3",
1091,,,2,"PU 2",1,,116,,,,,,,,,"A4",
1092,,,2,"PU 2",1,,116,,,,,,,,,"A5",
1093,,,2,"E COLI CARROT",1,,116,,,,,,,,,"A6",
1094,,,2,"E COLI LECTUSE",1,,116,,,,,,,,,"A7",
1095,,,2,"E COLI CARROT",1,,116,,,,,,,,,"A8",
1096,,,2,"E COLI LECTUS",1,,116,,,,,,,,,"A9",
1097,,,2,"E COLI LECTUS",1,,116,,,,,,,,,"A10",
1098,,,2,"E COLI STRAWBERY",1,,116,,,,,,,,,"B1",
1099,,,2,"E COLI GUAVA",1,,116,,,,,,,,,"B2",
1100,,,2,"E COLI GUAVA",1,,116,,,,,,,,,"B3",
1101,,,2,"E COLI APPLE",1,,116,,,,,,,,,"B4",
1102,,,2,"E COLI APPLE",1,,116,,,,,,,,,"B5",
1103,,,2,"E COLI CARROT",1,,116,,,,,,,,,"B6",
1104,,,2,"E COLI CARROT",1,,116,,,,,,,,,"B7",
1105,,,2,"E COLI LECTUS",1,,116,,,,,,,,,"B8",
1106,,,2,"E COLI STRAWBERY",1,,116,,,,,,,,,"B9",
1107,,,2,"E COLI",1,,116,,,,,,,,,"B10",
1108,,,2,"E COLI TOMATO",1,,116,,,,,,,,,"C1",
1109,,,2,"E COLI CUCUMBER",1,,116,,,,,,,,,"C3",
1110,,,2,"E COLI CUCUMBER",1,,116,,,,,,,,,"C4",
1111,,,2,"E COLI REDDISH",1,,116,,,,,,,,,"C5",
1112,,,2,"E COLI REDDISH",1,,116,,,,,,,,,"C6",
1113,,,2,"E COLI TOMATO",1,,116,,,,,,,,,"C7",
1114,,,2,"E COLI CHILLI",1,,116,,,,,,,,,"C8",
1115,,,2,"DH5D",1,,116,,,,,,,,,"C10",
1116,,,2,"MR1 (11883)",1,,117,,,,,,,,,"A1",
1117,,,2,"MR2 (11770)",1,,117,,,,,,,,,"A2",
1118,,,2,"MR 3 (11101)",1,,33,,,,,,,,,"A3",
1119,,,2,"MR 4 (1153)",1,,117,,,,,,,,,"A4",
1120,,,2,"MR5 (10968)",1,,117,,,,,,,,,"A5",
1121,,,2,"MR6 (10969)",1,,117,,,,,,,,,"A6",
1122,,,2,"MR7 11534",1,,117,,,,,,,,,"A7",
1123,,,2,"MR8 11639",1,,117,,,,,,,,,"A8",
1124,,,2,"MR9 11778",1,,117,,,,,,,,,"A9",
1125,,,2,"MR10 11872",1,,117,,,,,,,,,"A10",
1126,,,2,"MR11 10884",1,,117,,,,,,,,,"B1",
1127,,,2,"MR12 1188",1,,117,,,,,,,,,"B2",
1128,,,2,"MR3 (11101)",1,,117,,,,,,,,,"A3",
1129,,,2,"MR13 11992",1,,117,,,,,,,,,"B3",
1130,,,2,"MR14 14",1,,117,,,,,,,,,"B4",
1131,,,2,"MR15 (11)",1,,117,,,,,,,,,"B5",
1132,,,2,"E COLI",1,,117,,,,,,,,,"B7",
1133,,,2,"MR-1 (NEW)",1,,117,,,,,,,,,"B8",
1134,,,2,"MR04 RT",1,,117,,,,,,,,,"B9",
1135,,,2,"STAPH",1,,117,,,,,,,,,"B10",
1136,,,2,"MR1 -20",1,,117,,,,,,,,,"C1",
1137,,,2,"MR2 -20",1,,117,,,,,,,,,"C2",
1138,,,2,"MR3 -20",1,,117,,,,,,,,,"C3",
1139,,,2,"MR4 -20",1,,117,,,,,,,,,"C4",
1140,,,2,"MR5 -20",1,,117,,,,,,,,,"C5",
1141,,,2,"MR6 -20",1,,117,,,,,,,,,"C6",
1142,,,2,"MR7 -20",1,,117,,,,,,,,,"C7",
1143,,,2,"MR8 -20",1,,117,,,,,,,,,"C9",
1144,,,2,"MR9 -20",1,,117,,,,,,,,,"C10",
1145,,,2,"MR11 -20",1,,117,,,,,,,,,"D1",
1146,,,2,"MR13 -20",1,,117,,,,,,,,,"D2",
1147,,,2,"MR12 -20",1,,117,,,,,,,,,"D3",
1148,,,2,"MR 14",1,,117,,,,,,,,,"D4",
1149,,,2,"MR15",1,,117,,,,,,,,,"D5",
1150,,,2,"MR10 -20",1,,117,,,,,,,,,"D6",
1151,,,2,"SA1",1,,117,,,,,,,,,"D8",
1152,,,2,"SA1",1,,117,,,,,,,,,"D9",
1153,,,2,"PIC RABIA 10",1,,117,,,,,,,,,"D10",
1154,,,2,"702 MRSA",1,,117,,,,,,,,,"E1",
1155,,,2,"703 MRSA",1,,117,,,,,,,,,"E2",
1156,,,2,"741 MSSA",1,,117,,,,,,,,,"E3",
1157,,,2,"743 MSSA",1,,117,,,,,,,,,"E4",
1158,,,2,"MR21 MRSN",1,,117,,,,,,,,,"E5",
1159,,,2,"MR3 NEW MR18",1,,117,,,,,,,,,"E6",
1160,,,2,"MR19 MR4 NEW",1,,117,,,,,,,,,"E7",
1161,,,2,"MR17 MR2 NEW",1,,117,,,,,,,,,"E8",
1162,,,2,"MR20 MR5 N",1,,117,,,,,,,,,"E9",
1163,,,2,"MR62 RT",1,,117,,,,,,,,,"E10",
1164,,,2,"ITP20",1,,117,,,,,,,,,"F1",
1165,,,2,"SA2",1,,117,,,,,,,,,"F2",
1166,,,2,"MSSA 1 RT",1,,117,,,,,,,,,"F3",
1167,,,2,"MSSA RT",1,,117,,,,,,,,,"F4",
1168,,,2,"MSSA 3 421 RT",1,,117,,,,,,,,,"F5",
1169,,,2,"MSSA 749",1,,117,,,,,,,,,"F6",
1170,,,2,"MSSA5 958",1,,117,,,,,,,,,"F7",
1171,,,2,"MSSA6 1002",1,,117,,,,,,,,,"F8",
1172,,,2,"MR63 RT",1,,117,,,,,,,,,"F10",
1173,,,2,"ITR -20 3",1,,117,,,,,,,,,"G1",
1174,,,2,"RCP 2",1,,117,,,,,,,,,"G2",
1175,,,2,"RCP -20 1",1,,117,,,,,,,,,"G3",
1176,,,2,"ISP (-20)2",1,,117,,,,,,,,,"G4",
1177,,,2,"ISP-20 3",1,,117,,,,,,,,,"G5",
1178,,,2,"ISP -20 1",1,,117,,,,,,,,,"G6",
1179,,,2,"SA2",1,,117,,,,,,,,,"G7",
1180,,,2,"744 MRSA",1,,117,,,,,,,,,"G9",
1181,,,2,"MR65 RT",1,,117,,,,,,,,,"G10",
1182,,,2,"RCP -20 3",1,,117,,,,,,,,,"H1",
1183,,,2,"PIC10 -20",1,,117,,,,,,,,,"H2",
1184,,,2,"PIC10",1,,117,,,,,,,,,"H3",
1185,,,2,"ITP -22",1,,117,,,,,,,,,"H4",
1186,,,2,"SA2 -2",1,,117,,,,,,,,,"H5",
1187,,,2,"SEPI 12",1,,117,,,,,,,,,"H6",
1188,,,2,"SEPI 11",1,,117,,,,,,,,,"H7",
1189,,,2,"SEPI 10 IT",1,,117,,,,,,,,,"H8",
1190,,,2,"SA1 197432",1,,117,,,,,,,,,"H9",
1191,,,2,"MR61 RT",1,,117,,,,,,,,,"H10",
1192,,,2,"SEPI 1 RT",1,,117,,,,,,,,,"I1",
1193,,,2,"SEPI RT2",1,,117,,,,,,,,,"I2",
1194,,,2,"SEPI RT3",1,,117,,,,,,,,,"I3",
1195,,,2,"SEPI 4 RT",1,,117,,,,,,,,,"I4",
1196,,,2,"SEPI 5 RT",1,,117,,,,,,,,,"I5",
1197,,,2,"SEPI 6",1,,117,,,,,,,,,"I6",
1198,,,2,"SEPI 7",1,,117,,,,,,,,,"I7",
1199,,,2,"SEPI 8",1,,117,,,,,,,,,"I8",
1200,,,2,"SEPI 9",1,,117,,,,,,,,,"I9",
1201,,,2,"MRI -G",1,,117,,,,,,,,,"J1",
1202,,,2,"MR2-G",1,,117,,,,,,,,,"J2",
1203,,,2,"MR3-G",1,,117,,,,,,,,,"J3",
1204,,,2,"MR5-G",1,,117,,,,,,,,,"J4",
1205,,,2,"MR6-G",1,,117,,,,,,,,,"J5",
1206,,,2,"MR7-G",1,,117,,,,,,,,,"J6",
1207,,,2,"MR8-G",1,,117,,,,,,,,,"J7",
1208,,,2,"MR9-G",1,,117,,,,,,,,,"J9",
1209,,,2,"MR10-G",1,,117,,,,,,,,,"J10",
1210,,,2,"T2C1-C BL21",1,,45,,,,,,,,,"A2",
1211,,,2,"2FKPP1",1,,45,,,,,,,,,"C2",
1212,,,2,"2FKPP1",1,,45,,,,,,,,,"C3",
1213,,,2,"2FKPP1",1,,45,,,,,,,,,"C4",
1214,,,2,"IELI BL21",1,,45,,,,,,,,,"C9",
1215,,,2,"SG-3G",1,,33,,,,,,,,,"C2",
1216,,,2,"SGC",1,,33,,,,,,,,,"C3",
1217,,,2,"DSSaU cufed",1,,33,,,,,,,,,"C4",
1218,,,2,"SGC",1,,33,,,,,,,,,"C5",
1219,,,2,"DSPV-B",1,,33,,,,,,,,,"C6",
1220,,,2,"DSSaU Cured",1,,33,,,,,,,,,"C7",
1221,,,2,"gRNA-1 Ssap",1,,33,,,,,,,,,"C8",
1222,,,2,"gRNA-2 Ssap",1,,33,,,,,,,,,"C9",
1223,,,2,"SG-1a",1,,33,,,,,,,,,"D2",
1224,,,2,"SG-2a",1,,33,,,,,,,,,"D3",
1225,,,2,"R-SG",1,,33,,,,,,,,,"D4",
1226,,,2,"Ssau",1,,33,,,,,,,,,"D5",
1227,,,2,"DSPVB Cured SG",1,,33,,,,,,,,,"D6",
1228,,,2,"g1-Pcas-SPv-B",1,,33,,,,,,,,,"E2",
1229,,,2,"g1-SPVB P.cas",1,,33,,,,,,,,,"E3",
1230,,,2,"SPV-B_gL Pcas",1,,33,,,,,,,,,"E4",
1231,,,2,"g1-SPVB Pcas",1,,33,,,,,,,,,"E5",
1232,,,2,"g1-SPVB Pcas",1,,33,,,,,,,,,"E6",
1233,,,2,"LC-A",1,,21,,,,,,,,,"B3",
1234,,,2,"Pc(B)",1,,21,,,,,,,,,"B4",
1235,,,2,"Pc(b)",1,,21,,,,,,,,,"B5",
1236,,,2,"Sc(a1",1,,21,,,,,,,,,"B6",
1237,,,2,"Sc1a1",1,,21,,,,,,,,,"B7",
1238,,,2,"Sc2a2",1,,21,,,,,,,,,"B8",
1239,,,2,"P22(HAs)",1,,21,,,,,,,,,"E7",
1240,,,2,"M-EL Pet25 BL-21",1,,118,,,,,,,,,"A1",
1241,,,2,"M-EL GS",1,,118,,,,,,,,,"A2",
1242,,,2,"M-EL Pet25 BL21",1,,118,,,,,,,,,"A3",
1243,,,2,"EL-Mg Pet28a BL21",1,,118,,,,,,,,,"A4",
1244,,,2,"EL-Pet28a BL21",1,,118,,,,,,,,,"A5",
1245,,,2,"BL21 Stock",1,,118,,,,,,,,,"A6",
1246,,,2,"Ho-EL GS",1,,118,,,,,,,,,"A7",
1247,,,2,"PL GS",1,,118,,,,,,,,,"A8",
1248,,,2,"M-EL Pet28 DH52",1,,118,,,,,,,,,"B1",
1249,,,2,"El-Mg GS",1,,118,,,,,,,,,"B2",
1250,,,2,"EL-GS",1,,118,,,,,,,,,"B3",
1251,,,2,"PL GS",1,,118,,,,,,,,,"B4",
1252,,,2,"P3 GS",1,,118,,,,,,,,,"B5",
1253,,,2,"P3 GS",1,,118,,,,,,,,,"B6",
1254,,,2,"Pet28a DH52",1,,118,,,,,,,,,"B7",
1255,11,"EP-38",1,"EP-38",1,,120,,,,,,,,,"A1",
1256,11,"EP-39",1,"EP-39",1,,120,,,,,,,,,"A2",
1257,11,"EP-40",1,"EP-40",1,,120,,,,,,,,,"A3",
1258,11,"EP-41",1,"EP-41",1,,120,,,,,,,,,"A4",
1259,11,"EP-42",1,"EP-42",1,,120,,,,,,,,,"A5",
1260,11,"EP-43",1,"EP-43",1,,120,,,,,,,,,"A6",
1261,11,"EP-44",1,"EP-44",1,,120,,,,,,,,,"A7",
1262,11,"EP-45",1,"EP-45",1,,120,,,,,,,,,"A8",
1263,11,"EP-46",1,"EP-46",1,,120,,,,,,,,,"A9",
1264,11,"EP-47",1,"EP-47",1,,120,,,,,,,,,"A10",
1265,11,"EP-48",1,"EP-48",1,,120,,,,,,,,,"B1",
1266,11,"EP-49",1,"EP-49",1,,120,,,,,,,,,"B2",
1267,11,"EP-50",1,"EP-50",1,,120,,,,,,,,,"B3",
1268,11,"EP-51",1,"EP-51",1,,120,,,,,,,,,"B4",
1269,11,"EP-52",1,"EP-52",1,,120,,,,,,,,,"B5",
1270,11,"EP-53",1,"EP-53",1,,120,,,,,,,,,"B6",
1271,11,"EP-54",1,"EP-54",1,,120,,,,,,,,,"B7",
1272,11,"EP-55",1,"EP-55",1,,120,,,,,,,,,"B8",
1273,11,"EP-56",1,"EP-56",1,,120,,,,,,,,,"B9",
1274,11,"EP-57",1,"EP-57",1,,120,,,,,,,,,"B10",
1275,11,"EP-58",1,"EP-58",1,,120,,,,,,,,,"C1",
1276,11,"EP-59",1,"EP-59",1,,120,,,,,,,,,"C2",
1277,11,"EP-60",1,"EP-60",1,,120,,,,,,,,,"C3",
1278,11,"EP-61",1,"EP-61",1,,120,,,,,,,,,"C4",
1279,11,"EP-62",1,"EP-62",1,,120,,,,,,,,,"C5",
1280,11,"EP-63",1,"EP-63",1,,120,,,,,,,,,"C6",
1281,11,"EP-64",1,"EP-64",1,,120,,,,,,,,,"C7",
1282,11,"EP-65",1,"EP-65",1,,120,,,,,,,,,"C8",
1283,11,"EP-66",1,"EP-66",1,,120,,,,,,,,,"C9",
1284,11,"EP-67",1,"EP-67",1,,120,,,,,,,,,"C10",
1285,11,"EP-68",1,"EP-68",1,,120,,,,,,,,,"D1",
1286,11,"EP-69",1,"EP-69",1,,120,,,,,,,,,"D2",
1287,11,"EP-.70",1,"EP-.70",1,,120,,,,,,,,,"D3",
1288,11,"EP-71",1,"EP-71",1,,120,,,,,,,,,"D4",
1289,11,"EP-72",1,"EP-72",1,,120,,,,,,,,,"D5",
1290,11,"EP-73",1,"EP-73",1,,120,,,,,,,,,"D6",
1291,11,"EP-74",1,"EP-74",1,,120,,,,,,,,,"D7",
1292,11,"EP-75",1,"EP-75",1,,120,,,,,,,,,"D8",
1293,11,"EP-76",1,"EP-76",1,,120,,,,,,,,,"D9",
1294,11,"EP-77",1,"EP-77",1,,120,,,,,,,,,"D10",
1295,11,"EP-78",1,"EP-78",1,,120,,,,,,,,,"E1",
1296,11,"EP-79",1,"EP-79",1,,120,,,,,,,,,"E2",
1297,11,"UVO6",1,"UVO6",1,,120,,,,,,,"From UVAS UNiVERSITY (Serotype O6)",,"E3",
1298,11,"UVO78",1,"UVO78",1,,120,,,,,,,"From UVAS UNiVERSITY (Serotype O78)",,"E4",
1299,11,"1.3067",1,"1.3067",1,,120,,,,,,,"From Paul Ebner, Serotype O78: H9",,"F1",
1300,11,"99.0404",1,"99.0404",1,,120,,,,,,,"From Paul Ebner, Serotype O2",,"F2",
1301,11,"1.2047",1,"1.2047",1,,120,,,,,,,"From Paul Ebner, Serotype O5",,"F3",
1302,11,"88.1481",1,"88.1481",1,,120,,,,,,,"From Paul Ebner, Serotype O2: H4",,"F4",
1303,11,"10.1633",1,"10.1633",1,,120,,,,,,,"From Paul Ebner, Serotype O6: H31",,"F5",
1304,11,"10.2444",1,"10.2444",1,,120,,,,,,,"From Paul Ebner, Serotype O1: H7",,"F6",
1305,11,"7.3278",1,"7.3278",1,,120,,,,,,,"From Paul Ebner, Serotype O2: H6",,"F7",
1306,11,"96.1801",1,"96.1801",1,,120,,,,,,,"From Paul Ebner, Serotype O78",,"F8",
1307,11,"14.1042",1,"14.1042",1,,120,,,,,,,"From Paul Ebner, Serotype O1:H23",,"F9",
1308,11,"1.2075",1,"1.2075",1,,120,,,,,,,"From Paul Ebner, Serotype O78:H51",,"F10",
1309,11,"1.3067",1,"1.3067",1,,120,,,,,,,"From Paul Ebner, Serotype O78: H9",,"G1",
1310,11,"99.0404",1,"99.0404",1,,120,,,,,,,"From Paul Ebner, Serotype O2",,"G2",
1311,11,"1.2047",1,"1.2047",1,,120,,,,,,,"From Paul Ebner, Serotype O5",,"G3",
1312,11,"88.1481",1,"88.1481",1,,120,,,,,,,"From Paul Ebner, Serotype O2: H4",,"G4",
1313,11,"10.1633",1,"10.1633",1,,120,,,,,,,"From Paul Ebner, Serotype O6: H31",,"G5",
1314,11,"10.2444",1,"102444",1,,120,,,,,,,"From Paul Ebner, Serotype O1: H7",,"G6",
1315,11,"7.3278",1,"7.3278",1,,120,,,,,,,"From Paul Ebner, Serotype O2: H6",,"G7",
1316,,,,,,,,,,,,,,,,,
1317,,,,,,,,,,,,,,,,,
1319,12,"6i",1,"6i",1,22,121,,,,,,,"Isolated from chicken intestine, grows best in aerobic conditions",,"A4",
1320,12,"6A",1,"6A",1,,121,,,,,,"35","Bacterial strain isolated from chicken intestine grows best in anaerobic conditions",,"A5",
1321,12,"4ii",1,"4ii",1,,121,,,,,,,"Isolated from chicken intestine, grows best in anaerobic conditions",,"A1, A2, A3",
1322,12,"7i",1,"7i",1,,121,,,,,,,"Isolated from Chicken intestine, grows best in anaerobic condition",,"A6",
1323,12,"7ii",1,"7ii",1,,121,,,,,,,"Isolated from chicken intestine, grows best in anaerobic condition",,"A7",
1324,12,"9A",1,"9A",1,,121,,,,,,,"Isolated from chicken intestine, grows best in aerobic conditions",,"A8",
1325,15,"9i",1,"9i",1,,121,,,,,,,"Isolated from chicken Intestine, grows best in anaerobic conditions, unique isolate having 88% similarity with L. agilis",,"A9",
1326,12,"9iii",1,"9iii",1,,121,,,,,,,"Isolated from chicken intestine, grows best in anaerobic conditions",,"B1, B2",
1327,12,"10A",1,"10A",1,,121,,,,,,,"Isolated from chicken inestine, grows  best in aerobic conditions",,"B3",
1328,12,"10i",1,"10i",1,,121,,,,,,,"Isolated fom chicken intestine, grows best in anaerobic conditions",,"B4",
1329,12,"10ii",1,"10ii",1,,121,,,,,,,"Isolated fom chicken intestine, grows best in anaerobic conditions",,"B5, B6",
1330,15,"10iv",1,"10iv",1,,121,,,,,,,"Isolated from chicken intestine, grows best in anaerobic conditions",,"B7,B8",
1331,12,"11ii",1,"11ii",1,,121,,,,,,,"Isolated from chicken intestine, grows best in anaerobic conditions",,"B9",
1332,12,"11iii",1,"11iii",1,,121,,,,,,,"Isolated from chicken intestine, grows best in anaerobic conditions",,"B10",
1333,12,"11iv",1,"11iv",1,,121,,,,,,,"Isolated from chicken intestine, grows best in anaerobic conditions",,"C1",
1334,12,"11A",1,"11A",1,,121,,,,,,,"Isolated from chicken inestine, grows  best in aerobic conditions",,"C2",
1335,13,"12i",1,"12i",1,,121,,,,,,,"Isolated from chicken intestine grows best in anaerobic conditions",,"C3",
1336,12,"12ii",1,"12ii",1,,121,,,,,,,"Isolated from chicken intestine grows best in anaerobic conditions",,"C4",
1337,12,"12A",1,"12A",1,,121,,,,,,,"Isolated from chicken inestine, grows  best in aerobic conditions",,"C5",
1338,12,"12B",1,"12B",1,,121,,,,,,,"Isolated from chicken intestine grows best in aerobic conditions",,"C6, C7",
1339,12,"12C",1,"12C",1,,121,,,,,,,"Isolated from chicken intestine grows best in aerobic conditions",,"C8, C9,C10",
1340,12,"4ii DNA",1,"4ii DNA",1,,121,,1,,,,,"Anaerobic","4ii DNA","D1",
1341,12,"6i DNA",1,"6i DNA",1,,121,,,,,,,"Aerobic","6i (DNA)","D2",
1342,12,"6A DNA",1,"6A DNA",1,,121,,,,,,,"Anaerobic",,"D3",
1343,12,"7i DNA",1,"7i DNA",1,,121,,,,,,,"Anaerobic",,"D4",
1344,12,"7ii DNA",1,"7ii DNA",1,,121,,,,,,,"Anaerobic",,"D5",
1345,14,"M.smeg",1,"M.smeg",1,,121,,,,,,,,,"E1,E2,E3,E4,E5,E6,E7",
1346,,,,,,,,,,,,,,,,,
1347,17,"SalF1",1,"SalF1",1,,122,,,,,,,,,"A1,G7",
1348,17,"SalF2",1,"SalF2",1,,122,,,,,,,,,"A2,G8",
1349,17,"SalF3",1,"SalF3",1,,122,,,,,,,,,"A3,G9",
1350,17,"SalF4",1,"SalF4",1,,122,,,,,,,,,"A4,G10",
1351,6,"SalF6",1,"SalF6",1,,122,,,,,,,,,"A5,H1",
1352,6,"SalF7",1,"SalF7",1,,122,,,,,,,,,"A6,H2",
1353,16,"SalF8",1,"SalF8",1,,122,,,,,,,,,"A7,A8",
1354,16,"SalF9",1,"SalF9",1,,122,,,,,,,,,"A9,A10",
1355,18,"SalF27",1,"SalF27",1,,122,,,,,,,,,"B7",
1356,18,"SalF28",1,"SalF28",1,,122,,,,,,,,,"B8",
1357,18,"SalF29",1,"SalF29",1,,122,,,,,,,,,"B9",
1358,18,"SalF30",1,"SalF30",1,,122,,,,,,,,,"B10",
1359,18,"SalF31",1,"SalF31",1,,122,,,,,,,,,"C1",
1360,18,"SalF32",1,"SalF32",1,,122,,,,,,,,,"C2",
1361,20,"SalF14",1,"SalF14",1,,122,,,,,,,"CAMB strains",,"B1",
1362,20,"SalF15",1,"SalF15",1,,122,,,,,,,"CAMB strains",,"B2",
1363,20,"SalF16",1,"SalF16",1,,122,,,,,,,"CAMB strains",,"B3",
1364,20,"SalF19",1,"SalF19",1,,122,,,,,,,"CAMB strains",,"B4",
1365,20,"SalF20",1,"SalF20",1,,122,,,,,,,"CAMB strains",,"B5",
1366,20,"SalF21",1,"SalF21",1,,122,,,,,,,"CAMB strains",,"B6",
1367,20,"SalF47",1,"SalF47",1,,122,,,,,,,"CAMB strains",,"C3",
1368,20,"SalF48",1,"SalF48",1,,122,,,,,,,"CAMB strains",,"C4",
1369,21,"SalF17",1,"SalF17",1,,122,,,,,,,"CAMB strains",,"E9",
1370,21,"SalF22",1,"SalF22",1,,122,,,,,,,"CAMB strains",,"E10",
1371,19,"S. Pullorum",1,"S. Pullorum",1,,122,,,,,,,"ATCC",,"C5",
1372,7,"STO5-A",1,"STO5-A",1,,122,,,,,,,,,"D3,E7,E8",
1373,23,"SalA1",1,"SalA1",1,,122,,,,,,,,,"D7",
1374,5,"SalA2",1,"SalA2",1,,122,,,,,,,,,"D8",
1375,5,"SalA3",1,"SalA3",1,,122,,,,,,,,,"D9",
1376,23,"SalA4",1,"SalA4",1,,122,,,,,,,,,"D10",
1377,23,"SalA5",1,"SalA5",1,,122,,,,,,,,,"E1",
1378,23,"SalA6",1,"SalA6",1,,122,,,,,,,,,"E2",
1379,23,"SalA7",1,"SalA7",1,,122,,,,,,,,,"E3",
1380,23,"SalA8",1,"SalA8",1,,122,,,,,,,,,"E4",
1381,5,"SalA9",1,"SalA9",1,,122,,,,,,,,,"E5",
1382,24,"SalA10",1,"SalA10",1,,122,,,,,,,,,"E6",
1383,,,,,,,,,,,,,,,,,
1384,,,,,,,,,,,,,,,,,
