"ID","Species"
1,"Staphylococcus aureus"
2,"Pseudomonas aeroginosa"
3,"Salmonella Gallinarum"
4,"E.coli"
5,"Salmonella Species"
6,"Salmonella Enteritidis"
7,"Salmonella Typhimurium"
8,"Salmonella Gallinarum Lysogen"
9,"Clostridium Perfringens"
10,"Clostridium Perfringens Lysogen"
11,"Avian pathogenic Escherichia coli(APEC)"
12,"Ligilactobacillus salivarius"
13,"Lactobacillus johnsonii"
14,"Mycobacterium smegmatis"
15,"Ligilactobacillus agilis"
16,"Salmonella Bredeney"
17,"Salmonella Lagos"
18,"Salmonella Goettingen"
19,"Salmonella Pullorum"
20,"Salmonella Typhi"
21,"Samonella Paratyphi"
22,"Salmonella Kentucky"
23,"Salmonella Essen"
24,"Salmonella Budapest"
