"ID","Bacteriophage Name","Host Name","Lytic/Lysogenic","Wild-type/Recombinant"
1,"SGP-3",3,1,3
2,"SGP-5",3,1,3
3,"SGP-9",3,1,3
4,"SGP-10",3,1,3
5,"SGP-11",3,1,3
6,"SGP-12",3,1,3
7,"SGP-13",3,1,3
8,"vB-SGT",3,1,3
9,"STL",3,1,3
10,"SGP-18",3,1,3
11,"SMP-1",3,1,3
12,"Scraw",3,1,3
13,"Sle",3,1,3
14,"S54A",3,1,3
15,"SFr",3,1,3
16,"F10",3,1,3
17,"Slaf",3,1,3
18,"Sde",3,1,3
19,"PC",3,2,3
20,"SGPC",3,2,3
21,"PDA-18",3,1,3
22,"SG-Jap",3,1,3
23,"SGF",3,2,3
24,"SGPF/PDA",3,2,3
25,"SGP-33",3,1,3
26,"SGP-6a",3,1,3
27,"SGP4",3,1,3
28,"SGP-7",3,1,3
29,"SGP-16",3,1,3
30,"SGP-17",3,1,3
31,"SGP-18",3,1,3
32,"SMP-1",6,1,3
33,"SMP-2",6,1,3
34,"SGP-9g",3,1,3
35,"SGP-2",3,2,3
36,"SGP-4",3,1,3
37,"RECOMBINANT-SGP13-RL-LYSINS",3,1,4
38,"Fcp5(17)",9,2,3
39,"Fcp5(18)",9,2,3
40,"Fcp6(17)",9,2,3
41,"FCP9",9,2,3
42,"FCP17(I)",9,2,3
43,"FCP18",9,2,3
44,"FCP7",9,1,3
45,"FCP8",9,1,3
46,"FCP16",9,1,3
47,"FCP17(II)",9,1,3
48,"vB-SGP-20",3,1,3
49,"vB-SSP-47L",5,1,3
50,"vB-SSP-BCFX",5,1,3
51,"vB-SEP-42",6,1,3
52,"MSTA",14,,3
53,"MSTB",14,,3
54,"MSFA",14,,3
55,"SFA",5,1,3
