"ID","Storage Area","Field1"
1,"4C Refrigerator",
2,"a",
3,"b",
4,"c",
5,"d",
6,"e",
7,"f",
8,"g",
9,"h",
10,"i",
11,"j",
12,"k",
13,"l",
14,"m",
15,"n",
16,"o",
17,"p",
18,"q",
19,"r",
20,"s",
21,"t",
22,"u",
23,"v",
24,"w",
25,"x",
26,"y",
27,"z",
28,"aa",
29,"ab",
30,"ac",
31,"ad",
32,"ae",
33,"af",
34,"ag",
35,"ah",
36,"ai",
37,"aj",
38,"ak",
39,"al",
40,"am",
41,"an",
42,"ao",
43,"ap",
44,"aq",
45,"ar",
46,"as",
47,"at",
48,"au",
49,"av",
50,"aw",
51,"ax",
52,"ay",
53,"az",
54,"L4A",
55,"L4B",
56,"L4C",
57,"L4D",
58,"MMG Store",
59,"MI10",
60,"L5A",
61,"L5B",
62,"L5C",
63,"L5D",
64,"L5E",
65,"Cub1",
66,"MI12",
67,"MO1",
68,"MI16",
69,"MO12",
