"ID","Plasmid Name","Plasmid Backbone","Gene Source","Cloning Method","Antibiotic Marker","Cloned Gene Sequence","Cloned Protein Sequence","Glycerol Stock-Tube Label","Host Bacteria","Activity Shown Against","Protein Purification status","Expression Picture","Purified Protein Picture","GLycerol Stock Freezer","Glycerol Stock Rack","Glycerol Stock Box","PLasmid DNA Label","DNA Store Freezer","DNA Store Rack","DNA Store Box Detail","Location in Box-GS"
5,"pET28a",1,5,1,44,"NA","NA","Pet 28a G STOCK",1,,0,,,1,1,2,,,,,"C4"
6,"CP1-Endo",1,1,2,44,"Endolysin of CP-1 phage",,"CP1 T-10",1,,0,,,1,1,2,,,,,"D1,D2"
7,"CP1-Endo",1,1,2,44,"Endolysin of CP-1 phage",,"CP1 BL-21",3,,0,,,1,1,2,,,,,"D3,D4"
8,"SAPL-Hol",1,1,2,44,"Holin of SAPL",,"SAPL-HOL T-10",1,,0,,,1,1,2,,,,,"D5,D6"
9,"SAPL-Hol",1,1,2,44,"Holin of SAPL",,"SAPL-HOL BL-21",3,,0,,,1,1,2,,,,,"D7"
10,"RS-Endo",1,1,2,44,"Endolysin of RS",,"RS T-10",1,,0,,,1,1,2,,,,,"D8"
11,"RS-endo",1,1,2,44,"Endolysin of RS",,"RSP BL-21",3,,0,,,1,1,2,,,,,"D9,D10"
12,"IQL-Endo",1,1,2,44,"Endolysin of IQL",,"IQL T 10",1,,0,,,1,1,2,,,,,"E1,E2"
13,"IQL Endo",1,1,2,44,"Endolysin of IQL",,"IQL BL-21",3,,0,,,1,1,2,,,,,"E3"
14,"ITTPL Endo",1,1,2,44,"Endolysin of ITTPL",,"ITTPL T-10",1,,0,,,1,1,2,,,,,"E4"
15,"ITTPL-Endo",1,1,2,44,"Endolysin of ITTPL",,"ITTPL BL 21",3,,0,,,1,1,2,,,,,"E5,E6"
16,"RL-Hol",1,1,2,44,"Holin of RL",,"RL-HOL T10",1,,0,,,1,1,2,,,,,"E7,E8"
17,"RL-Hol",1,1,2,44,"Holin of RL",,"RL HOL BL 21",3,,0,,,1,1,2,,,,,"E9"
18,"SG-13-SPA",1,1,2,44,"Spanin of SG-13",,"SP",3,,0,,,1,1,2,,,,,"E10"
19,"d10a PLASMID",,,,40,,,"D10A",1,,0,,,1,3,38,,,,,"D6,B8"
20,"GRNA1-SGP13-for Insertion",2,6,,40,"GRNA1-SGP13-for insertion",,"GRNA1",1,,0,,,1,3,38,,,,,"D7"
21,"gRNA3 -SG18",2,6,4,40,"guide RNA for ssau deletion from SG-18",,"gRNA3 -SG18",1,,0,,,1,3,38,,,,,"A4"
22,"gRNA3-SGPC",2,6,4,40,"guide RNA for RL gene insertion in recombinant SGPC from SG-18",,"gRNA3-SGPC",1,,0,,,1,3,38,,,,,"A5"
23,"PCRISPR plasmid",3,5,1,44,"NA","NA","PCRISPR plasmid",1,,0,,,1,3,38,,,,,"A6,A7,B7"
24,"Pcas-RecAb-plasmid",6,5,1,83,,,"Pcas-RecAb-plasmid",1,,0,,,1,3,38,,,,,"B6"
25,"Grna2-sgpc/cam",2,6,4,40,"guide RNA for ssau",,"Grna2-sgpc/cam",1,,0,,,1,3,38,,,,,"C6"
26,"grna1-sgpc/cam",2,6,4,40,"guide RNA for ssau",,"grna1-sgpc/cam",1,,0,,,1,3,38,,,,,"C7"
27,"Grna4-sg18/cam for ssau",2,6,4,40,"guide RNA for ssau",,"Grna4-sg18/cam for ssau",1,,0,,,1,3,38,,,,,"C8"
28,"grna2-sgp13-for insertion",2,6,4,40,"grna2-sgp13-for insertion of RL-endolysin gene",,"grna2-sgp13-for insertion",1,,0,,,1,3,38,,,,,"D3"
29,"GRNA3-SSAU-SG18",2,6,4,40,"Guide RNA for ssau deletion",,"GRNA3-SSAU-SG18",1,,0,,,1,3,38,,,,,"D8"
30,"LAMBDA-RED-KANA",7,5,1,44,"Lambda-Red Plasmid",,"main Plasmid",1,,0,,,1,3,38,,,,,"E3"
31,"GRNA-3-SG18-SSAU",2,6,4,40,"Guide RNA for deletion of ssau",,"GRNA-3-SG18-SSAU",1,,0,,,1,3,38,,,,,"E4"
32,"GRNA1-SGP13-INSERTION",2,6,4,40,"Guide RNA for insertion in SGP13",,"GRNA1-SGP13-INSERTION",1,,0,,,1,3,38,,,,,"E6"
33,"WT-SGPC-GRNA3",2,,4,44,"WT-SGPC-GRNA3",,"WT-SGPC-GRNA3",1,,0,,,1,3,38,,,,,"E8"
34,"LAMBDA-RED-PLASMID-KANA",7,5,1,44,"LAMBDA-RED-PLASMID-KANA",,"LAMBDA-RED-PLASMID-KANA",1,,0,,,1,3,38,,,,,"G2,H4,H5"
35,"LAMBDA-RED-SG18-KANA",7,5,1,44,"LAMBDA-RED-SG18-KANA",,"LAMBDA-RED-SG18-KANA",5,,0,,,1,3,38,,,,,"F1,F2,F3"
36,"ECC-LAMBDA-RED-SG18-KANA",7,5,1,44,"ECC-LAMBDA-RED-SG18-KANA",,"ECC-LAMBDA-RED-SG18-KANA",5,,0,,,1,3,38,,,,,"F4,F5,F6,F7,F8"
37,"LAMBDA-RED-SGPC",7,5,1,44,"LAMBDA-RED-SGPC",,"LAMBDA-RED-SGPC",6,,0,,,1,3,38,,,,,"G4"
38,"G3-SSAU-SG-18",2,7,4,40,"G3-SSAU-SG-18",,"G3-SSAU-SG-18",1,,0,,,1,3,38,,,,,"H1"
39,"SG18-SSAU DELETED-LAMBDA RED",7,5,1,44,"SG18-SSAU DELETED-LAMBDA RED",,"SG18-SSAU DELETED-LAMBDA RED",7,,0,,,1,3,38,,,,,"H3"
40,"WT-SGPC-GRNA1",2,6,4,40,"WT-SGPC-GRNA1",,"WT-SGPC-GRNA1",1,,0,,,1,3,38,,,,,"H7"
41,"PCAS9-PLASMID",2,5,1,40,"PCAS9-PLASMID",,"PCAS9-PLASMID",1,,0,,,1,3,38,,,,,"I1,I2,I3"
42,"NEW-HAS-SSAU-TOP10",1,2,2,40,"na",,"NEW-HAS-SSAU-TOP10",1,,0,,,1,,39,,,,,"A4,A8"
43,"G3-SSAU/Grna-Cam",2,6,4,40,"G3-SSAU/Grna-Cam",,"G3-SSAU/Grna-Cam",1,,0,,,1,,39,,,,,"A5,A6"
44,"NEW-HAS-PET22B-SSAU",4,2,2,6,"NEW-HAS-PET22B-SSAU",,"NEW-HAS-PET22B-SSAU",1,,0,,,1,4,39,,,,,"C1, C5"
45,"RECOMBINANT-SGPC-GRNA1-3-2900BP",2,7,4,40,"RECOMBINANT-SGPC-GRNA1-3-2900BP",,"see phage deletion snapgene files",5,,0,,,1,4,39,,,,,"C2"
46,"LAMBDARED-CAS9 IN SG18( FOR SELECTION OF PHAGE ON CAM-KANA)",2,5,1,40,"LAMBDARED-CAS9 IN SG18( FOR SELECTION OF PHAGE ON CAM-KANA)",,"46 and 47 are two plasmids in single bacteria LAMBDARED-CAS9 IN SG18( FOR SELECTION OF PHAGE ON CAM-KANA)",5,,0,,,1,4,39,,,,,"C3"
47,"LAMBDARED-CAS9 IN SG18( FOR SELECTION OF PHAGE ON CAM-KANA)",7,5,1,44,"LAMBDARED-CAS9 IN SG18( FOR SELECTION OF PHAGE ON CAM-KANA)",,"46 and 47 are two plasmids in single bacteria LAMBDARED-CAS9 IN SG18( FOR SELECTION OF PHAGE ON CAM-KANA)",5,,0,,,1,4,39,,,,,"C3"
48,"GRNA4-SSAU-SG18-CAM",2,6,4,40,"GRNA4-SSAU-SG18-CAM-so also need to grow on CMP and Kan",,"G3-SSAU-SG18-CAM",1,,0,,,1,4,39,,,,,"C6"
49,"G3-SSAU-SG18-CAM/GRNA",2,6,4,40,"G3-SSAU-SG18-CAM/GRNA",,"G3-SSAU-SG18-CAM/GRNA",1,,0,,,1,4,39,,,,,"C7"
50,"pet21a",5,5,1,6,"pet21a",,"pet21a",1,,0,,,1,4,39,,,,,"D2,D3"
51,"ND gene Puc57 comsats sahiwal",8,4,2,6,"ND gene Puc57 comsats sahiwal",,"ND gene Puc57 comsats sahiwal",1,,0,,,1,4,39,,,,,"D4,D5"
52,"gRNA1 (Hafsa Nasim)",2,6,4,40,"hafsa gRNA for deletion of long fragment from SG",,"gRNA1",1,,0,,,1,,25,,,,,"D1,D2,D3"
53,"gRNA2 (hafsa Nasim)",2,6,4,40,"hafsa gRNA for deletion of long fragment from SG",,"gRNA2",1,,0,,,1,,25,,,,,"F1,F2,F3,F4"
54,"Pet28",1,5,1,44,"main Plasmid",,"Pet28",1,,0,,,1,,9,,,,,"B6,B7"
55,"END CP1",1,1,2,44,"BL21 END CP1",,"BL21 END CP1",3,,0,,,1,,9,,,,,"F2"
56,"END CP1",1,1,2,44,"END CP1",,"END CP1",1,,0,,,1,,9,,,,,"F3,F4,F5,F6,F7"
57,"?RED SG",7,5,1,44,"?RED in SG-18",,"?RED SG",5,,0,,,1,,9,,,,,"G2,G3,G4,G5,H2,H3,H4,H5"
58,,,,,,,,"T-cell5oldBl-21",,,0,,,1,,26,,,,,"A-3"
59,,,,,,,,"T-cell5a1Bl-21",,,0,,,1,,26,,,,,"A-4"
60,,,,,,,,"tace2Bl21",,,0,,,1,,26,,,,,"A-5"
61,,,,,,,,"Ha-SPVBPet22B-SG-18",,,0,,,1,,26,,,,,"A-7"
62,,,,,,,,"Tace2Bl21",,,0,,,1,,26,,,,,"A-9"
63,,,,,,,,"GRNA-SPVB-Pcas9TOP10",,,0,,,1,,26,,,,,"B-2"
64,,,,,,,,"A cell e-12Pet22-DH5X",,,0,,,1,,26,,,,,"B-3"
65,,,,,,,,"K-Pet22DH5-a",,,0,,,1,,26,,,,,"B-4"
66,,,,,,,,"K-31-BL-21",,,0,,,1,,26,,,,,"B-5"
67,,,,,,,,"BGA-Pet28",,,0,,,1,,26,,,,,"B-6"
68,,,,,,,,"Pet-K gene keratin",,,0,,,1,,26,,,,,"B-7"
69,,,,,,,,"PCos9 DH-5a",,,0,,,1,,26,,,,,"B-8"
70,,,,,,,,"g4-H",,,0,,,1,,27,,,,,"C-3"
71,,,,,,,,"g3-H",,,0,,,1,,27,,,,,"C-4"
72,,,,,,,,"g2-H",,,0,,,1,,27,,,,,"C-5"
73,,,,,,,,"g8-H",,,0,,,1,,27,,,,,"C-6"
74,,,,,,,,"g5-H",,,0,,,1,,27,,,,,"C-7"
75,,,,,,,,"g6-H-DHSa
U+03B
U+03B1
g6-H-DHSa",,,0,,,1,,27,,,,,"C-8"
76,,,,,,,,"g3",,,0,,,1,,27,,,,,"D-2"
77,,,,,,,,"g-8",,,0,,,1,,27,,,,,"D-3"
78,,,,,,,,"g-4",,,0,,,1,,27,,,,,"D-4"
79,,,,,,,,"g-5",,,0,,,1,,27,,,,,"D-5"
80,,,,,,,,"g-2",,,0,,,1,,27,,,,,"D-6"
81,,,,,,,,"g-6",,,0,,,1,,27,,,,,"D-7"
82,,,,,,,,"RO-HDR inPS-jab",,,0,,,1,,27,,,,,"D-8"
83,,,,,,,,"DH-5a",,,0,,,1,,27,,,,,"E-2"
84,,,,,,,,"PBAD-33",,,0,,,1,,27,,,,,"E-4"
85,,,,,,,,"PBAD-33",,,0,,,1,,27,,,,,"E-5"
86,,,,,,,,"PBAD-33",,,0,,,1,,27,,,,,"E-6"
87,,,,,,,,"PS-jab",,,0,,,1,,27,,,,,"E-7"
88,,,,,,,,"PS-jab",,,0,,,1,,27,,,,,"E-8"
89,,,,,,,,"PS-jab",,,0,,,1,,27,,,,,"E-9"
90,,,,,,,,"DH-5a",,,0,,,1,,27,,,,,"E-10"
91,,,,,,,,"g-RNA-2 PCas9-HA TOP-10",,,0,,,1,,15,,,,,"B-9"
92,,,,,,,,"new-g-MR-1",,,0,,,1,,15,,,,,"D-2"
93,,,,,,,,"g-5 Pcas HA",,,0,,,1,,15,,,,,"D-5"
94,,,,,,,,"pet-289 DH5-a",,,0,,,1,,15,,,,,"D-8"
95,,,,,,,,"F-clone",,,0,,,1,,8,,,,,"E-1"
96,,,,,,,,"Scr-clone",,,0,,,1,,8,,,,,"E-2"
97,,,,,,,,"g1.ssap",,,0,,,1,,,,,,,
98,,,,,,,,"g1-ssap",,,0,,,1,,10,,,,,"A-9"
99,,,,,,,,"g2-ssap",,,0,,,1,,10,,,,,"A-10"
100,,,,,,,,"g1-SPVB",,,0,,,1,,10,,,,,"C-1"
101,,,,,,,,"g1-SPVB",,,0,,,1,,10,,,,,"C-2"
102,,,,,,,,"g1-SPVB",,,0,,,1,,10,,,,,"C-3"
103,,,,,,,,"g1-SPVB",,,0,,,1,,10,,,,,"C-4"
104,,,,,,,,"g1-SPVB",,,0,,,1,,10,,,,,"C-5"
105,,,,,,,,"g1-SPVB",,,0,,,1,,10,,,,,"C-6"
106,,,,,,,,"g1-SPVB",,,0,,,1,,10,,,,,"C-7"
107,,,,,,,,"g1-SPVB",,,0,,,1,,10,,,,,"C-8"
108,,,,,,,,"70.4P8-8P18-144B",,,0,,,1,,3,,,,,"E-1"
109,,,,,,,,"70.4P8-8P18-441B",,,0,,,1,,3,,,,,"E-2"
110,,,,,,,,"70.8P18-Mut-6",,,0,,,1,,3,,,,,"E-3"
111,,,,,,,,"M12",,,0,,,1,,27,,,,,"E-4"
112,,,,,,,,"D3Y",,,0,,,1,,3,,,,,"E-5"
113,,,,,,,,"DHSa",,,0,,,1,,3,,,,,"E-6"
114,,,,,,,,"D3M",,,0,,,1,,3,,,,,"E-7"
115,,,,,,,,"44.1a",,,0,,,1,,3,,,,,"E-8"
116,,,,,,,,"MNV-luc",,,0,,,1,,3,,,,,"E-9"
117,,,,,,,,"70.4P9",,,0,,,1,,3,,,,,"E-10"
118,,,,,,,,"PCDNA E1E2",,,0,,,1,,3,,,,,"F-1"
119,,,,,,,,"MHV Gag pol",,,0,,,1,,3,,,,,"F-3"
120,,,,,,,,"DR1",,,0,,,1,,3,,,,,"F-2"
121,,,,,,,,"MLV Gag pol",,,0,,,1,,3,,,,,"F-5"
122,,,,,,,,"M11",,,0,,,1,,3,,,,,"F-7"
123,,,,,,,,"M10",,,0,,,1,,3,,,,,"F-8"
124,,,,,,,,"MLV-luc",,,0,,,1,,3,,,,,"F-9"
125,,,,,,,,"M7",,,0,,,1,,3,,,,,"F-10"
126,,,,,,,,"GFP",,,0,,,1,,3,,,,,"C-10"
127,,,,,,,,"70.4P8-8P18(144A)",,,0,,,1,,3,,,,,"D-10"
128,,,,,,,,,,,0,,,,,,,,,,
129,,,,,,,,,,,0,,,,,,,,,,
130,,,,,,,,,,,0,,,,,111,,,,,
131,,,,,,,,"EL-top10",,,0,,,1,,111,,,,,"A-1"
132,,,,,,,,"pet-28 in top-10",,,0,,,1,,111,,,,,"A-4"
133,,,,,,,,"SGP-9-EL in top-10",,,0,,,1,,111,,,,,"A-5"
134,,,,,,,,"SGP-9-EL in top 10",,,0,,,1,,111,,,,,"A-6"
135,,,,,,,,"SGP-9- in BL-21",,,0,,,1,,111,,,,,"A-7"
136,,,,,,,,"SGP-9-EL13 in BL21",,,0,,,1,,111,,,,,"A-8"
137,,,,,,,,"Pet-22B",,,0,,,1,,111,,,,,"A-9"
138,,,,,,,,"gRNA- Top-10",,,0,,,1,,111,,,,,"A-10"
139,,,,,,,,"EL-TSP-Clone",,,0,,,1,,111,,,,,"B-1"
140,,,,,,,,"EL-TSP-Clone",,,0,,,1,,111,,,,,"B-2"
141,,,,,,,,"Pet-28",,,0,,,1,,111,,,,,"B-3"
142,,,,,,,,"Pet-28",,,0,,,1,,111,,,,,"B-4"
143,,,,,,,,"70.4P8",,,0,,,1,,110,,,,,"A-1"
144,,,,,,,,"MLV-GFP",,,0,,,1,,110,,,,,"A-2"
145,,,,,,,,"PC DNA 3 E1E2",,,0,,,1,,110,,,,,"A-3"
146,,,,,,,,"MLV-LUC",,,0,,,1,,110,,,,,"A-4"
147,,,,,,,,"MLV-GAG.POL",,,0,,,1,,110,,,,,"A-5"
148,,,,,,,,"PUL",,,0,,,1,,110,,,,,"A-6"
149,,,,,,,,"GAG-POL",,,0,,,1,,110,,,,,"A-7"
150,,,,,,,,"414-A",,,0,,,1,,110,,,,,"A-8"
151,,,,,,,,"M12",,,0,,,1,,110,,,,,"A-9"
152,,,,,,,,"MLV-LUC",,,1,,,1,,110,,,,,"A-10"
153,,,,,,,,"441b",,,0,,,1,,110,,,,,"B-1"
154,,,,,,,,"70.1 P11A",,,0,,,1,,110,,,,,"B-2"
155,,,,,,,,"70.8P18-Mut11",,,0,,,1,,110,,,,,"B-3"
156,,,,,,,,"70.1-441A",,,0,,,1,,110,,,,,"B-4"
157,,,,,,,,"70.8P18-B G65aR",,,0,,,1,,110,,,,,"B-5"
158,,,,,,,,"70.8P18 Mut-3b",,,0,,,1,,110,,,,,"B-6"
159,,,,,,,,"70.8P18 Mut6",,,0,,,1,,110,,,,,"B-7"
160,,,,,,,,"70.1-A 141B-P",,,0,,,1,,110,,,,,"B-8"
161,,,,,,,,"PUL",,,0,,,1,,110,,,,,"B-9"
162,,,,,,,,"GFP",,,0,,,1,,110,,,,,"B-10"
163,,,,,,,,"144B",,,0,,,1,,110,,,,,"C-1"
164,,,,,,,,"411B",,,0,,,1,,110,,,,,"C-2"
165,,,,,,,,"114A",,,0,,,1,,110,,,,,"C-3"
166,,,,,,,,"Mut-10",,,0,,,1,,110,,,,,"C-4"
167,,,,,,,,"144A",,,0,,,1,,110,,,,,"C-5"
168,,,,,,,,"141A",,,0,,,1,,110,,,,,"C-6"
169,,,,,,,,"411A",,,0,,,1,,110,,,,,"C-7"
170,,,,,,,,"70.4P8a",,,0,,,1,,110,,,,,"C-8"
171,,,,,,,,"70.8 P18 Mut-3",,,0,,,1,,110,,,,,"C-9"
172,,,,,,,,"70.8 P18 Mut-6",,,0,,,1,,110,,,,,"C-10"
173,,,,,,,,"Mut-12",,,0,,,1,,110,,,,,"D-1"
174,,,,,,,,"114b",,,0,,,1,,110,,,,,"D-2"
175,,,,,,,,"Mut-7",,,0,,,1,,110,,,,,"D-3"
176,,,,,,,,"70.8P18b",,,0,,,1,,110,,,,,"D-4"
177,,,,,,,,"Mut-12a",,,0,,,1,,110,,,,,"D-5"
178,,,,,,,,"G65aR",,,0,,,1,,110,,,,,"D-6"
179,,,,,,,,"M7720",,,0,,,1,,110,,,,,"D-7"
180,,,,,,,,"Mut-6",,,0,,,1,,110,,,,,"D-8"
181,,,,,,,,"Mut-11d",,,0,,,1,,110,,,,,"D-9"
182,,,,,,,,"Mut-10a",,,0,,,1,,110,,,,,"D-10"
183,,,,,,,,"Rb77c",,,0,,,1,,110,,,,,"E-1"
184,"pCasSA",2,,4,2,,,"pcasSA DH5alpha",,,0,,,1,,,"PcasSa",,,,
185,"pCasSa",2,,4,2,,,"pcasSA DH5 alpha",,,0,,,1,,6,,,,,"A1"
186,"pcassa",2,,3,,,,"pcassa DH5alpha",2,,0,,,1,,6,,,,,"a2"
187,"pNickclos",,,,6,,,"pNickclos DH5alpha",,,0,,,1,,114,,,,,"3A"
188,"?SPVB-SG18",,,,,,,"?SPVB-SG18",,,0,,,1,,114,,,,,"A4"
189,"pBAD-mCherry",9,5,1,6,,,"pBAD plasmid",1,,0,,,1,,59,,,,,"A1"
190,"mutated pBAD (NcoI)",18,8,1,6,,,"mutated pBAD (NcoI)",1,,0,,,1,,59,,,,,"A2"
191,"mutated pBAD (NcoI)",18,8,1,6,,,"mutated pBAD (NcoI)",1,,0,,,1,,59,,,,,"A3"
192,"mutated pBAD (NcoI)",18,8,1,6,,,"mutated pBAD (NcoI)",1,,0,,,1,,59,,,,,"A4"
193,"mutated pBAD (NcoI)",18,8,1,6,,,"mutated pBAD (NcoI)",1,,0,,,1,,59,,,,,"A5"
194,"mutated pBAD (XhoI)",19,8,1,6,,,"mutated pBAD (XhoI)",1,,0,,,1,,59,,,,,"A6"
195,"mutated pBAD (XhoI)",19,8,1,6,,,"mutated pBAD (XhoI)",1,,0,,,1,,59,,,,,"A7"
196,"mutated pBAD (XhoI)",19,8,1,6,,,"mutated pBAD (XhoI)",1,,0,,,1,,59,,,,,"A8"
197,"mutated pBAD (XhoI)",19,8,1,6,,,"mutated pBAD (XhoI)",1,,0,,,1,,59,,,,,"A9"
198,,,,,,,,,,,0,,,1,,59,,,,,"A10"
199,"pBAD-mCherry",9,5,1,6,,,"pBAD plasmid",1,,0,,,1,,59,,,,,"B1"
200,"mutated pBAD (NcoI)",18,8,1,6,,,"mutated pBAD (NcoI)",1,,0,,,1,,59,,,,,"B2"
201,"mutated pBAD (NcoI)",18,8,1,6,,,"mutated pBAD (NcoI)",1,,0,,,1,,59,,,,,"B3"
202,"mutated pBAD (NcoI)",18,8,1,6,,,"mutated pBAD (NcoI)",1,,0,,,1,,59,,,,,"B4"
203,"mutated pBAD (NcoI)",18,8,1,6,,,"mutated pBAD (NcoI)",1,,0,,,1,,59,,,,,"B5"
204,"mutated pBAD (XhoI)",19,8,1,6,,,"mutated pBAD (XhoI)",1,,0,,,1,,59,,,,,"B6"
205,"mutated pBAD (XhoI)",19,8,1,6,,,"mutated pBAD (XhoI)",1,,0,,,1,,59,,,,,"B7"
206,"mutated pBAD (XhoI)",19,8,1,6,,,"mutated pBAD (XhoI)",1,,0,,,1,,59,,,,,"B8"
207,"mutated pBAD (XhoI)",19,8,1,6,,,"mutated pBAD (XhoI)",1,,0,,,1,,59,,,,,"B9"
208,,,,,,,,,,,0,,,1,,59,,,,,"B10"
209,"pBAD-mCherry",9,5,1,6,,,"pBAD plasmid",1,,0,,,1,,59,,,,,"C1"
210,,,,,,,,,,,0,,,1,,59,,,,,"C2"
211,,,,,,,,,,,0,,,1,,59,,,,,"C3"
212,,,,,,,,,,,0,,,1,,59,,,,,"C4"
213,,,,,,,,,,,0,,,1,,59,,,,,"C5"
214,"mutated pBAD (XhoI)",19,8,1,6,,,"mutated pBAD (XhoI)",1,,0,,,1,,59,,,,,"C6"
215,"mutated pBAD (XhoI)",19,8,1,6,,,"mutated pBAD (XhoI)",1,,0,,,1,,59,,,,,"C7"
216,"mutated pBAD (XhoI)",19,8,1,6,,,"mutated pBAD (XhoI)",1,,0,,,1,,59,,,,,"C8"
217,,,,,,,,,,,0,,,1,,59,,,,,"C9"
218,,,,,,,,,,,0,,,1,,59,,,,,"C10"
219,"pET28a",1,5,1,44,,,"pET28a",1,,0,,,1,,59,,,,,"D1"
222,,,,,,,,,,,0,,,1,,59,,,,,"D4"
225,,,,,,,,,,,0,,,1,,59,,,,,"D7"
226,,,,,,,,,,,0,,,1,,59,,,,,"D8"
227,,,,,,,,,,,0,,,1,,59,,,,,"D9"
228,,,,,,,,,,,0,,,1,,59,,,,,"D10"
229,"pET28a",1,5,1,44,,,"pET28a",1,,0,,,1,,59,,,,,"E1"
232,,,,,,,,,,,0,,,1,,59,,,,,"E4"
236,,,,,,,,,,,0,,,1,,59,,,,,"E8"
237,,,,,,,,,,,0,,,1,,59,,,,,"E9"
238,,,,,,,,,,,0,,,1,,59,,,,,"E10"
239,"pET28a",1,5,1,44,,,"pET28a",1,,0,,,1,,59,,,,,"F1"
242,,,,,,,,,,,0,,,1,,59,,,,,"F4"
245,,,,,,,,,,,0,,,1,,59,,,,,"F7"
246,,,,,,,,,,,0,,,1,,59,,,,,"F8"
247,,,,,,,,,,,0,,,1,,59,,,,,"F9"
248,,,,,,,,,,,0,,,1,,59,,,,,"F10"
249,"pET28a",1,5,1,44,,,"pET28a",1,,0,,,1,,59,,,,,"G1"
252,,,,,,,,,,,0,,,1,,59,,,,,"G4"
255,,,,,,,,,,,0,,,1,,59,,,,,"G7"
256,,,,,,,,,,,0,,,1,,59,,,,,"G8"
257,,,,,,,,,,,0,,,1,,59,,,,,"G9"
258,,,,,,,,,,,0,,,1,,59,,,,,"G10"
259,"RL-HP1 in SG18",19,1,2,6,,,"HP1 in SG18",5,,0,,,1,,59,,,,,"H1"
260,"RL-HP2 in SG18",19,1,2,6,,,"HP2 in SG18",5,,0,,,1,,59,,,,,"H2"
261,"RL-HP3 in SG18",19,1,2,6,,,"HP3 in SG18",5,,0,,,1,,59,,,,,"H3"
262,"RL-HP4 in SG18",19,1,2,6,,,"HP4 in SG18",5,,0,,,1,,59,,,,,"H4"
263,"RL-HP5 in SG18",19,1,2,6,,,"HP5 in SG18",5,,0,,,1,,59,,,,,"H5"
264,"RL-HP7 in SG18",19,1,2,6,,,"HP7 in SG18",5,,0,,,1,,59,,,,,"H6"
265,"RL-HP8 in SG18",19,1,2,6,,,"HP8 in SG18",5,,0,,,1,,59,,,,,"H7"
266,"RL-HP9 in SG18",19,1,2,6,,,"HP9 in SG18",5,,0,,,1,,59,,,,,"H8"
267,"RL-HP10 in SG18",19,1,2,6,,,"HP10 in SG18",5,,0,,,1,,59,,,,,"H9"
268,"RL-HP11 in SG18",19,1,2,6,,,"HP11 in SG18",5,,0,,,1,,59,,,,,"H10"
269,"RL-HP12 in SG18",19,1,2,6,,,"HP12 in SG18",5,,0,,,1,,59,,,,,"I1"
270,"RL-HP13 in SG18",19,1,2,6,,,"HP13 in SG18",5,,0,,,1,,59,,,,,"I2"
271,"RL-HP14 in SG18",19,1,2,6,,,"HP14 in SG18",5,,0,,,1,,59,,,,,"I3"
272,"RL-HP15 in SG18",19,1,2,6,,,"HP15 in SG18",5,,0,,,1,,59,,,,,"I4"
273,"RL-HP16 in SG18",19,1,2,6,,,"HP16 in SG18",5,,0,,,1,,59,,,,,"I5"
274,"RL-HP17 in SG18",19,1,2,6,,,"HP17 in SG18",5,,0,,,1,,59,,,,,"I6"
275,"RL-HP18 in SG18",19,1,2,6,,,"HP18 in SG18",5,,0,,,1,,59,,,,,"I7"
276,"RL-HP19 in SG18",19,1,2,6,,,"HP19 in SG18",5,,0,,,1,,59,,,,,"I8"
277,"RL-HP20 in SG18",19,1,2,6,,,"HP20 in SG18",5,,0,,,1,,59,,,,,"I9"
278,"RL-HP21 in SG18",19,1,2,6,,,"HP21 in SG18",5,,0,,,1,,59,,,,,"I10"
279,"RL-HP22 in SG18",19,1,2,6,,,"HP22 in SG18",5,,0,,,1,,59,,,,,"J1"
280,"RL-HP23 in SG18",19,1,2,6,,,"HP23 in SG18",5,,0,,,1,,59,,,,,"J2"
281,,,,,,,,,,,0,,,1,,59,,,,,"J3"
282,,,,,,,,,,,0,,,1,,59,,,,,"J4"
283,,,,,,,,,,,0,,,1,,59,,,,,"J5"
284,,,,,,,,,,,0,,,1,,59,,,,,"J6"
285,,,,,,,,,,,0,,,1,,59,,,,,"J7"
286,,,,,,,,,,,0,,,1,,59,,,,,"J8"
287,,,,,,,,,,,0,,,1,,59,,,,,"J9"
288,,,,,,,,,,,0,,,1,,59,,,,,"J10"
289,"RL-Phage Gene Product",1,1,2,44,,,"HP1 IN TOP10",1,,0,,,1,,60,,,,,"A1"
290,"RL-Phage Gene Product",1,1,2,44,,,"HP2 IN TOP10 in pET28a",1,,0,,,1,,60,,,,,"A2"
291,"RL-Phage Gene Product",1,1,2,44,,,"HP3 IN TOP10",1,,0,,,1,,60,,,,,"A3"
292,"RL-Phage Gene Product",1,1,2,44,,,"HP4 IN TOP10",1,,0,,,1,,60,,,,,"A4"
293,"RL-Phage Gene Product",1,1,2,44,,,"HP5 IN TOP10",1,,0,,,1,,60,,,,,"A5"
294,"RL-Phage Gene Product",1,1,2,44,,,"HP8 IN TOP10",1,,0,,,1,,60,,,,,"A6"
295,"RL-Phage Gene Product",1,1,2,44,,,"HP9 IN TOP10",1,,0,,,1,,60,,,,,"A7"
296,"RL-Phage Gene Product",1,1,2,44,,,"HP10 IN TOP10",1,,0,,,1,,60,,,,,"A8"
297,"RL-Phage Gene Product",1,1,2,44,,,"HP11 IN TOP10",1,,0,,,1,,60,,,,,"A9"
298,"RL-Phage Gene Product",1,1,2,44,,,"HP12 IN TOP10",1,,0,,,1,,60,,,,,"A10"
299,"RL-Phage Gene Product",1,1,2,44,,,"HP1 IN TOP10",1,,0,,,1,,60,,,,,"B1"
300,"RL-Phage Gene Product",1,1,2,44,,,"HP2 IN TOP10 in pET28a",1,,0,,,1,,60,,,,,"B2"
301,"RL-Phage Gene Product",1,1,2,44,,,"HP3 IN TOP10",1,,0,,,1,,60,,,,,"B3"
302,"RL-Phage Gene Product",1,1,2,44,,,"HP4 IN TOP10",1,,0,,,1,,60,,,,,"B4"
303,"RL-Phage Gene Product",1,1,2,44,,,"HP5 IN TOP10",1,,0,,,1,,60,,,,,"B5"
304,"RL-Phage Gene Product",1,1,2,44,,,"HP8 IN TOP10",1,,0,,,1,,60,,,,,"B6"
305,"RL-Phage Gene Product",1,1,2,44,,,"HP9 IN TOP10",1,,0,,,1,,60,,,,,"B7"
306,"RL-Phage Gene Product",1,1,2,44,,,"HP10 IN TOP10",1,,0,,,1,,60,,,,,"B8"
307,"RL-Phage Gene Product",1,1,2,44,,,"HP11 IN TOP10",1,,0,,,1,,60,,,,,"B9"
308,"RL-Phage Gene Product",1,1,2,44,,,"HP12 IN TOP10",1,,0,,,1,,60,,,,,"B10"
309,"RL-Phage Gene Product",1,1,2,44,,,"HP13 IN TOP10",1,,0,,,1,,60,,,,,"C1"
310,"RL-Phage Gene Product",1,1,2,44,,,"HP14 IN TOP10",1,,0,,,1,,60,,,,,"C2"
311,"RL-Phage Gene Product",1,1,2,44,,,"HP15 IN TOP10",1,,0,,,1,,60,,,,,"C3"
312,"RL-Phage Gene Product",1,1,2,44,,,"HP16 IN TOP10",1,,0,,,1,,60,,,,,"C4"
313,"RL-Phage Gene Product",1,1,2,44,,,"HP17 IN TOP10",1,,0,,,1,,60,,,,,"C5"
314,"RL-Phage Gene Product",1,1,2,44,,,"HP18 IN TOP10",1,,0,,,1,,60,,,,,"C6"
315,"RL-Phage Gene Product",1,1,2,44,,,"HP19 IN TOP10",1,,0,,,1,,60,,,,,"C7"
316,"RL-Phage Gene Product",1,1,2,44,,,"HP20 IN TOP10",1,,0,,,1,,60,,,,,"C8"
317,"RL-Phage Gene Product",1,1,2,44,,,"HP21 IN TOP10",1,,0,,,1,,60,,,,,"C9"
318,"RL-Phage Gene Product",1,1,2,44,,,"HP22 IN TOP10",1,,0,,,1,,60,,,,,"C10"
319,"RL-Phage Gene Product",1,1,2,44,,,"HP13 IN TOP10",1,,0,,,1,,60,,,,,"D1"
320,"RL-Phage Gene Product",1,1,2,44,,,"HP14 IN TOP10",1,,0,,,1,,60,,,,,"D2"
321,"RL-Phage Gene Product",1,1,2,44,,,"HP15 IN TOP10",1,,0,,,1,,60,,,,,"D3"
322,"RL-Phage Gene Product",1,1,2,44,,,"HP16 IN TOP10",1,,0,,,1,,60,,,,,"D4"
323,"RL-Phage Gene Product",1,1,2,44,,,"HP17 IN TOP10",1,,0,,,1,,60,,,,,"D5"
324,"RL-Phage Gene Product",1,1,2,44,,,"HP18 IN TOP10",1,,0,,,1,,60,,,,,"D6"
325,"RL-Phage Gene Product",1,1,2,44,,,"HP19 IN TOP10",1,,0,,,1,,60,,,,,"D7"
326,"RL-Phage Gene Product",1,1,2,44,,,"HP20 IN TOP10",1,,0,,,1,,60,,,,,"D8"
327,"RL-Phage Gene Product",1,1,2,44,,,"HP21 IN TOP10",1,,0,,,1,,60,,,,,"D9"
328,"RL-Phage Gene Product",1,1,2,44,,,"HP22 IN TOP10",1,,0,,,1,,60,,,,,"D10"
329,"RL-Phage Gene Product",1,1,2,44,,,"HP23 IN TOP10",1,,0,,,1,,60,,,,,"E1"
330,,,,,,,,,,,0,,,1,,60,,,,,"E2"
331,"RL-Phage Gene Product",1,1,2,44,,,"HP1 in BL21",3,,0,,,1,,60,,,,,"E3"
332,"RL-Phage Gene Product",1,1,2,44,,,"HP2 in BL21",3,,0,,,1,,60,,,,,"E4"
333,"RL-Phage Gene Product",1,1,2,44,,,"HP3 in BL21",3,,0,,,1,,60,,,,,"E5"
334,"RL-Phage Gene Product",1,1,2,44,,,"HP4 in BL21",3,,0,,,1,,60,,,,,"E6"
335,"RL-Phage Gene Product",1,1,2,44,,,"HP5 in BL21",3,,0,,,1,,60,,,,,"E7"
336,"RL-Phage Gene Product",1,1,2,44,,,"HP7 in BL21",3,,0,,,1,,60,,,,,"E8"
337,"RL-Phage Gene Product",1,1,2,2,,,"HP8 in BL21",3,,0,,,1,,60,,,,,"E9"
338,"RL-Phage Gene Product",1,1,2,44,,,"HP9 in BL21",3,,0,,,1,,60,,,,,"E10"
339,"RL-Phage Gene Product",1,1,2,44,,,"HP23 IN TOP10",1,,0,,,1,,60,,,,,"F1"
340,,,,,,,,,,,0,,,1,,60,,,,,"F2"
341,"RL-Phage Gene Product",1,1,2,44,,,"HP1 in BL21",3,,0,,,1,,60,,,,,"F3"
342,"RL-Phage Gene Product",1,1,2,44,,,"HP2 in BL21",3,,0,,,1,,60,,,,,"F4"
343,"RL-Phage Gene Product",1,1,2,44,,,"HP3 in BL21",3,,0,,,1,,60,,,,,"F5"
344,"RL-Phage Gene Product",1,1,2,44,,,"HP4 in BL21",3,,0,,,1,,60,,,,,"F6"
345,"RL-Phage Gene Product",1,1,2,44,,,"HP5 in BL21",3,,0,,,1,,60,,,,,"F7"
346,"RL-Phage Gene Product",1,1,2,44,,,"HP7 in BL21",3,,0,,,1,,60,,,,,"F8"
347,"RL-Phage Gene Product",1,1,2,44,,,"HP8 in BL21",3,,0,,,1,,60,,,,,"F9"
348,"RL-Phage Gene Product",1,1,2,44,,,"HP9 in BL21",3,,0,,,1,,60,,,,,"F10"
349,"RL-Phage Gene Product",1,1,2,44,,,"HP10 in BL21",3,,0,,,1,,60,,,,,"G1"
350,"RL-Phage Gene Product",1,1,2,44,,,"HP11 in BL21",3,,0,,,1,,60,,,,,"G2"
351,"RL-Phage Gene Product",1,1,2,44,,,"HP12 in BL21",3,,0,,,1,,60,,,,,"G3"
352,"RL-Phage Gene Product",1,1,2,44,,,"HP13 in BL21",3,,0,,,1,,60,,,,,"G4"
353,"RL-Phage Gene Product",1,1,2,44,,,"HP14 in BL21",3,,0,,,1,,60,,,,,"G5"
354,"RL-Phage Gene Product",1,1,2,44,,,"HP15 in BL21",3,,0,,,1,,60,,,,,"G6"
355,"RL-Phage Gene Product",1,1,2,44,,,"HP16 in BL21",3,,0,,,1,,60,,,,,"G7"
356,"RL-Phage Gene Product",1,1,2,44,,,"HP17 in BL21",3,,0,,,1,,60,,,,,"G8"
357,"RL-Phage Gene Product",1,1,2,44,,,"HP18 in BL21",3,,0,,,1,,60,,,,,"G9"
358,"RL-Phage Gene Product",1,1,2,44,,,"HP19 in BL21",3,,0,,,1,,60,,,,,"G10"
359,"RL-Phage Gene Product",1,1,2,44,,,"HP10 in BL21",3,,0,,,1,,60,,,,,"H1"
360,"RL-Phage Gene Product",1,1,2,44,,,"HP11 in BL21",3,,0,,,1,,60,,,,,"H2"
361,"RL-Phage Gene Product",1,1,2,44,,,"HP12 in BL21",3,,0,,,1,,60,,,,,"H3"
362,"RL-Phage Gene Product",1,1,2,44,,,"HP13 in BL21",3,,0,,,1,,60,,,,,"H4"
363,"RL-Phage Gene Product",1,1,2,44,,,"HP14 in BL21",3,,0,,,1,,60,,,,,"H5"
364,"RL-Phage Gene Product",1,1,2,44,,,"HP15 in BL21",3,,0,,,1,,60,,,,,"H6"
365,"RL-Phage Gene Product",1,1,2,44,,,"HP16 in BL21",3,,0,,,1,,60,,,,,"H7"
366,"RL-Phage Gene Product",1,1,2,44,,,"HP17 in BL21",3,,0,,,1,,60,,,,,"H8"
367,"RL-Phage Gene Product",1,1,2,44,,,"HP18 in BL21",3,,0,,,1,,60,,,,,"H9"
368,"RL-Phage Gene Product",1,1,2,44,,,"HP19 in BL21",3,,0,,,1,,60,,,,,"H10"
369,"RL-Phage Gene Product",1,1,2,44,,,"HP20 in BL21",3,,0,,,1,,60,,,,,"I1"
370,"RL-Phage Gene Product",1,1,2,44,,,"HP21 in BL21",3,,0,,,1,,60,,,,,"I2"
371,"RL-Phage Gene Product",1,1,2,44,,,"HP22 in BL21",3,,0,,,1,,60,,,,,"I3"
372,"RL-Phage Gene Product",1,1,2,44,,,"HP23 in BL21",3,,0,,,1,,60,,,,,"I4"
373,,,,,,,,,,,0,,,1,,60,,,,,"I5"
374,,,,,,,,,,,0,,,1,,60,,,,,"I6"
375,,,,,,,,,,,0,,,1,,60,,,,,"I7"
376,,,,,,,,,,,0,,,1,,60,,,,,"I8"
377,,,,,,,,,,,0,,,1,,60,,,,,"I9"
378,,,,,,,,,,,0,,,1,,60,,,,,"I10"
379,"RL-Phage Gene Product",1,1,2,44,,,"HP20 in BL21",3,,0,,,1,,60,,,,,"J1"
380,"RL-Phage Gene Product",1,1,2,44,,,"HP21 in BL21",3,,0,,,1,,60,,,,,"J2"
381,"RL-Phage Gene Product",1,1,2,44,,,"HP22 in BL21",3,,0,,,1,,60,,,,,"J3"
382,"RL-Phage Gene Product",1,1,2,44,,,"HP23 in BL21",3,,0,,,1,,60,,,,,"J4"
383,,,,,,,,,,,0,,,1,,60,,,,,"J5"
384,,,,,,,,,,,0,,,1,,60,,,,,"J6"
385,,,,,,,,,,,0,,,1,,60,,,,,"J7"
386,,,,,,,,,,,0,,,1,,60,,,,,"J8"
387,,,,,,,,,,,0,,,1,,60,,,,,"J9"
388,,,,,,,,,,,0,,,1,,60,,,,,"J10"
389,,,,,,,,"PET28 CELLS P",,,0,,,1,,45,,,,,"B3"
390,,,,,,,,"PET28 CELLS P",,,0,,,1,,45,,,,,"B4"
391,,,,,,,,"TKP2P",,,0,,,1,,45,,,,,"C5"
392,,,,,,,,"TKP2P",,,0,,,1,,45,,,,,"C6"
393,,,,,,,,"KPU",,,0,,,1,,45,,,,,"C10"
394,,,,,,,,"SKP3A P",,,0,,,1,,45,,,,,"E1"
395,,,,,,,,"SKP3A P",,,0,,,1,,45,,,,,"E2"
396,,,,,,,,"SKP3A P",,,0,,,1,,45,,,,,"E3"
397,,,,,,,,"SKP4A P",,,0,,,1,,45,,,,,"E4"
398,,,,,,,,"SKP4A P",,,0,,,1,,45,,,,,"E5"
399,,,,,,,,"SKP4A P",,,0,,,1,,45,,,,,"E6"
400,,,,,,,,"TKP1P",,,0,,,1,,45,,,,,"E7"
401,,,,,,,,"TKP1 P",,,0,,,1,,45,,,,,"E8"
402,,,,,,,,"TKP1 P",,,0,,,1,,45,,,,,"E9"
403,,,,,,,,"SKP1-P",,,0,,,1,,45,,,,,"F3"
404,,,,,,,,"JKP1P",,,0,,,1,,45,,,,,"F4"
405,,,,,,,,"SKP1P",,,0,,,1,,45,,,,,"F5"
406,,,,,,,,"SKP2P",,,0,,,1,,45,,,,,"F6"
407,,,,,,,,"SKP2P",,,0,,,1,,45,,,,,"F7"
408,,,,,,,,"SSI2P",,,0,,,1,,45,,,,,"F8"
409,,,,,,,,"WKP37",,,0,,,1,,45,,,,,"F10"
410,,,,,,,,"JKP1P",,,0,,,1,,45,,,,,"G1"
411,,,,,,,,"JKP1P",,,0,,,1,,45,,,,,"G2"
412,,,,,,,,"JKP2P",,,0,,,1,,45,,,,,"G8"
413,,,,,,,,"JKP2P",,,0,,,1,,45,,,,,"G9"
414,,,,,,,,"JKP2P",,,0,,,1,,45,,,,,"G10"
415,,,,,,,,"I-6BF X2 TOP10",,,0,,,1,,42,,,,,"A4"
416,,,,,,,,"I-6BF X2 TOP10",,,0,,,1,,42,,,,,"A5"
417,,,,,,,,"I-6BP X2 TOP10",,,0,,,1,,42,,,,,"A6"
418,,,,,,,,"I-6BF X2 TOP",,,0,,,1,,42,,,,,"A7"
419,,,,,,,,"I-6BF X2- BL21",,,0,,,1,,42,,,,,"A8"
420,"Pcas9",,,,,,,"Pcas9",,,0,,,1,,32,,,,,"A1"
421,,,,,,,,"pCas9",,,0,,,1,,32,,,,,"A2"
422,,,,,,,,"Pcas9",,,0,,,1,,32,,,,,"A3"
423,,,,,,,,"Pcas9",,,0,,,1,,32,,,,,"A4"
424,,,,,,,,"Pcas9",,,0,,,1,,32,,,,,"A5"
425,,,,,,,,"Pcas9",,,0,,,1,,32,,,,,"A6"
426,,,,,,,,"Pcas9",,,0,,,1,,32,,,,,"A7"
427,,,,,,,,"Pcas9",,,0,,,1,,32,,,,,"A8"
428,,,,,,,,"Pcas9",,,0,,,1,,32,,,,,"A9"
429,,,,,,,,"Pcas9",,,0,,,1,,32,,,,,"A10"
430,,,,,,,,"Pcas9",,,0,,,1,,32,,,,,"B1"
431,,,,,,,,"Pcas9",,,0,,,1,,32,,,,,"B2"
432,,,,,,,,"Pcas9",,,0,,,1,,32,,,,,"B3"
433,,,,,,,,"Pcas9",,,0,,,1,,32,,,,,"B4"
434,,,,,,,,"Pcas9",,,0,,,1,,32,,,,,"B5"
435,,,,,,,,"Pcas9",,,0,,,1,,32,,,,,"B6"
436,,,,,,,,"Pcas9",,,0,,,1,,32,,,,,"B7"
437,,,,,,,,"Pcas9",,,0,,,1,,32,,,,,"B8"
438,,,,,,,,"Pcas9",,,0,,,1,,32,,,,,"B9"
439,,,,,,,,"Pcas9",,,0,,,1,,32,,,,,"B10"
440,,,,,,,,"Pcas9",,,0,,,1,,32,,,,,"C1"
441,,,,,,,,"Pcas9",,,0,,,1,,32,,,,,"C2"
442,,,,,,,,"Pcas9",,,0,,,1,,32,,,,,"C3"
443,,,,,,,,"Pcas9",,,0,,,1,,32,,,,,"C4"
444,,,,,,,,"Pcas9",,,0,,,1,,32,,,,,"C5"
445,,,,,,,,"Pcas9",,,0,,,1,,32,,,,,"C6"
446,,,,,,,,"Pcas9",,,0,,,1,,32,,,,,"C7"
447,,,,,,,,"Pcas9",,,0,,,1,,32,,,,,"C8"
448,,,,,,,,"Pcas9",,,0,,,1,,32,,,,,"C9"
449,,,,,,,,"Pcas9",,,0,,,1,,32,,,,,"C10"
450,,,,,,,,"Pcus-9 Cloned g-RNA-2",,,0,,,1,,21,,,,,"B2"
451,,,,,,,,"PP(a)",,,0,,,1,,21,,,,,"C2"
452,,,,,,,,"PP(a)",,,0,,,1,,21,,,,,"C3"
453,,,,,,,,"Pinoclaus",,,0,,,1,,21,,,,,"C4"
454,,,,,,,,"Phage SM22",,,0,,,1,,21,,,,,"C5"
455,,,,,,,,"Pc( c )",,,0,,,1,,21,,,,,"C6"
456,,,,,,,,"PP(a)",,,0,,,1,,21,,,,,"C7"
457,,,,,,,,"CS2(ac)",,,0,,,1,,21,,,,,"C8"
458,,,,,,,,"Pcas9 (gRN2)",,,0,,,1,,21,,,,,"D2"
459,,,,,,,,"PC(a)",,,0,,,1,,21,,,,,"D3"
460,,,,,,,,"Pcas gNA2",,,0,,,1,,21,,,,,"D4"
461,,,,,,,,"SC2(A2)",,,0,,,1,,21,,,,,"D5"
462,,,,,,,,"Pinniclaus",,,0,,,1,,21,,,,,"D6"
463,,,,,,,,"Pcd",,,0,,,1,,21,,,,,"D7"
464,,,,,,,,"CS2ac",,,0,,,1,,21,,,,,"D8"
465,,,,,,,,"gRNA",,,0,,,1,,21,,,,,"D9"
466,,,,,,,,"Pet22 Has",,,0,,,1,,21,,,,,"E3"
467,,,,,,,,"Pinniclaus",,,0,,,1,,21,,,,,"E5"
468,,,,,,,,"Pc(A)",,,0,,,1,,21,,,,,"E9"
469,,,,,,,,"PP(a)",,,0,,,1,,21,,,,,"F2"
470,,,,,,,,"PP(d)",,,0,,,1,,21,,,,,"F3"
471,,,,,,,,"SKP1P",,,0,,,1,,45,,,,,"F2"
472,,,,,,,,"SSL1",,,0,,,1,,45,,,,,"F9"
